id,domain,status,purchase_price,renewal_price,attractiveness,demand,length,registrar,created_at,expires_at,status_verified_at
279a9bee-ca31-46c8-a555-c46a864667ac,rushed.charity,available,5.99,,high,low,6,name.com,,,
604b73ba-f303-4df2-9fbd-67fbfe5333bf,anamorphic.charity,available,5.99,40.99,medium,low,10,name.com,,,
4f9f25b6-972e-4a10-89bc-c9e9559ac800,packed.charity,available,5.99,,high,low,6,name.com,,,
d2a85843-40d7-445b-abee-13d14f1c6f27,avid.charity,available,5.99,40.99,high,low,4,name.com,,,07/08/2026 23:21
1250114d-6979-4c85-a64b-e2b57b527845,fee.charity,premium,38.94,38.94,high,low,3,namesilo,,,
ff6e7045-a8c0-4f07-bf07-c3db0d8aecd3,mental.charity,available,7.48,37.98,high,low,6,namecheap,,,08/09/2026 12:21
02c3c12b-4113-44ba-b360-e2bb4559bcab,toothcare.charity,available,5.99,,medium,low,9,name.com,,,
df24f954-cf1f-48eb-b591-c74d0a79a270,confetti.charity,available,5.99,,high,low,8,name.com,,,
9143a3f6-df0d-4df4-b68d-3ebdab1f0cdc,bahamian.charity,available,5.99,40.99,medium,low,8,name.com,,,08/08/2026 08:31
9c9daa27-f42e-4fa7-9e33-53391bc7907e,aids.charity,premium,242,242,high,low,4,namesilo,,,
19c7c2ce-9528-461d-97df-a5008e32ddf0,ennead.charity,available,5.99,40.99,medium,low,6,name.com,,,
24093595-89ad-498d-872d-d3ff1018fc79,initially.charity,available,5.99,,high,low,9,name.com,,,
93c0549d-b0bf-4bbd-8545-4729d1b42cc2,leadership.charity,available,5.99,,high,low,10,name.com,,,
e804b57f-1690-491b-83a2-746d9d1a6c56,rhianna.charity,available,5.99,,high,low,7,name.com,,,
d08070ba-ac27-42ff-8ce0-f1971f66be53,anionic.charity,available,5.99,40.99,medium,low,7,name.com,,,
02bc0b48-f8c3-4168-a4e4-13a1f5d36175,nitrous.charity,available,5.99,40.99,high,low,7,name.com,,,08/08/2026 03:03
b03b1900-6d03-47b5-9da6-c18a763054f9,description.charity,available,5.99,,high,low,11,name.com,,,
2043bc6d-893f-43b6-bbbd-6b586dc70bea,alacritous.charity,available,5.99,40.99,medium,low,10,name.com,,,
158881b8-4f50-4121-b846-b13cc577f666,acetous.charity,available,5.99,40.99,medium,low,7,name.com,,,
3cca2945-927e-48e9-933f-8f05325ea279,cooking.charity,premium,242,242,high,low,7,namesilo,,,08/09/2026 08:19
58fdc299-057d-4ea0-ba81-e437b0ecd0e0,intelligent.charity,available,5.99,,high,low,11,name.com,,,
0ac8cc27-4bf5-47b6-bf87-a2b5cd44be2d,commentate.charity,available,5.99,,high,low,10,name.com,,,
bf7ee2cd-5987-4629-9e41-8358bb39371c,ocean.charity,available,5.99,,high,low,5,name.com,,,
7ea3ec3b-b31a-46fb-8a81-4acddeb13e03,foot.charity,available,5.99,,high,low,4,name.com,,,
4b68b675-03d3-4e35-8610-6a3e25733f4e,committing.charity,available,5.99,,high,low,10,name.com,,,
caaf0aad-9e7f-45c3-b937-2666ddf1a32f,take.charity,available,5.99,,high,low,4,name.com,,,
66c2d8ce-b2a3-4d21-9afd-595e7f244335,slim.charity,available,5.99,,high,low,4,name.com,,,
a76c2baf-8d9c-48e0-aac0-2cd06623d1d5,interpersonal.charity,available,5.99,,high,low,13,name.com,,,
e7eac367-45b6-4c11-bb3a-d6dfb11f9752,appearance.charity,available,5.99,40.99,high,low,10,name.com,,,08/09/2026 12:55
a9327fe7-9f15-42bc-a069-6dd65ccad758,president.charity,available,5.99,,high,low,9,name.com,,,
d49ab7b3-0107-42c6-b957-e9ad30c17db1,devotion.charity,available,5.99,,high,low,8,name.com,,,
38747d22-f2cb-4a7a-bc0a-1fcd4d2f9e2c,discerning.charity,available,5.99,40.99,high,low,10,name.com,,,06/08/2026 08:23
6c8d1d41-61cc-4ccd-a508-920e27c8234e,affectionate.charity,available,5.99,,high,low,12,name.com,,,
2512383f-7702-4ed8-b339-9e3be6d18f7c,tentative.charity,available,5.99,,high,low,9,name.com,,,
98b78f55-0d70-4fd5-be05-a834e1cfc14c,resignation.charity,available,5.99,,high,low,11,name.com,,,
97006a37-d93e-43a6-8c8b-f8d8209e0bf6,opt.charity,premium,38.94,38.94,high,low,3,namesilo,,,
72aac204-1bf4-420e-812e-0a041867229a,net.charity,available,,,high,low,3,,,,
22def83f-78c4-4c4d-96da-86eb8336085c,era.charity,available,,,high,low,3,,,,
5bcc939c-8ca9-4517-adb8-7265fcb7b6e1,archetypal.charity,available,5.99,40.99,high,low,10,name.com,,,06/08/2026 15:32
1e93b40b-f725-4bd4-ae21-f78b9892fe90,challenging.charity,available,5.99,,high,low,11,name.com,,,
b9a7b2a0-d234-4cb8-9f4c-db074a5a71b1,manual.charity,available,5.99,,high,low,6,name.com,,,
3c2e6e80-29d4-4364-9089-b83b12cdd708,respected.charity,available,5.99,,high,low,9,name.com,,,
36020925-9179-4cb1-ae49-fdd89fd3cf8a,revolved.charity,available,5.99,,high,low,8,name.com,,,
2521b2aa-d8d4-494e-b219-8b2acb7337b1,mirror.charity,available,5.99,,high,low,6,name.com,,,
32d0b3d9-c0b3-4eeb-a152-16e9be3a173b,restricted.charity,available,5.99,,high,low,10,name.com,,,
4c62a695-1fcf-433a-832c-13095d506f6a,raccoon.charity,available,5.99,,high,low,7,name.com,,,
739392cd-cf0e-462d-9410-bcbb4e7aa83a,vent.charity,available,5.99,,high,low,4,name.com,,,
9b99365d-8be4-492e-83b4-27d71011c744,milk.charity,available,5.99,,high,low,4,name.com,,,
abcab665-8174-494e-9e63-d87db5c8aa5e,serve.charity,available,5.99,,high,low,5,name.com,,,
f95da6b5-f709-4ec5-a92e-8aac56ba181d,supra.charity,available,5.99,40.99,high,low,5,name.com,,,
a32b3626-352e-40fd-bc1d-589e7fc96e2b,promoter.charity,available,5.99,,high,low,8,name.com,,,
505a6e19-b75f-43ca-8fdf-b1df6084bfcf,masses.charity,available,5.99,,high,low,6,name.com,,,
6b580654-c774-4809-af7d-8b2c241bf27a,idle.charity,available,5.99,40.99,high,low,4,name.com,,,08/08/2026 21:52
10814357-fc65-4037-8f3e-3a37dbae7241,magical.charity,available,5.99,,high,low,7,name.com,,,
68e84b8a-1a61-42af-8954-909b4716561e,chair.charity,available,5.99,,high,low,5,name.com,,,
f56a23e1-9d72-4de4-be37-367686d90926,painted.charity,available,5.99,,high,low,7,name.com,,,
22a721ad-db2b-44eb-a151-b921d7114681,daniel.charity,available,5.99,,high,medium,6,name.com,,,
a61eda5f-512c-46e6-9d72-9bb559781fce,accusing.charity,available,5.99,40.99,high,low,8,name.com,,,
1e5d4470-c76a-45b9-ae38-0de57bdb76a3,removal.charity,available,5.99,,high,low,7,name.com,,,
23a2b7f2-fb48-4853-9056-62296c34fa12,posterior.charity,available,5.99,40.99,medium,low,9,name.com,,,09/08/2026 11:12
9adcb72d-d245-4dbc-ab2d-d7b18d63b0ae,journeyman.charity,available,5.99,,high,low,10,name.com,,,
9e1b1d91-2811-4838-80ee-978c1fcad4a4,sunbaked.charity,available,5.99,40.99,medium,low,8,name.com,,,
5653100a-5ca5-425c-af17-fcf0da5a4629,rogue.charity,available,5.99,,high,low,5,name.com,,,
7ac71803-bab9-46b6-9551-30e940a92590,dickens.charity,available,5.99,,high,low,7,name.com,,,
20c951ce-48d8-41bf-8cd5-f8faab729eb5,usual.charity,available,5.99,,high,low,5,name.com,,,
d3656110-63dc-4058-8812-8612b8a103a9,avellan.charity,available,5.99,40.99,medium,low,7,name.com,,,07/08/2026 22:24
86eae4ad-7202-4566-902c-4b847824f969,humanities.charity,available,5.99,,high,low,10,name.com,,,
f63550d6-4273-4afc-9af8-513c108a8b93,mechanic.charity,available,5.99,,high,low,8,name.com,,,
289cc912-4c79-4c3b-9a2b-d9b1b61d53a7,agronomic.charity,available,5.99,40.99,medium,low,9,name.com,,,
35c8a7b1-1887-4c21-88a7-cd8fc753179c,baguette.charity,available,5.99,,high,low,8,name.com,,,
62bc3ae5-cc56-4175-a0fd-1edb5b1b0c09,speeding.charity,available,5.99,,high,low,8,name.com,,,
b1a7ec74-9703-4e8d-ba0e-614dc44db6ea,whenever.charity,available,5.99,,medium,low,8,name.com,,,
184f865d-4b39-4050-9acc-9c9ef3b40ad3,paunchy.charity,available,5.99,40.99,medium,low,7,name.com,,,
f0e23bd1-ee3b-47ff-b748-c72dae89d5b3,plastic.charity,available,5.99,,high,low,7,name.com,,,
db4742b0-1c21-494f-832e-268b009dcd38,largely.charity,available,5.99,,medium,low,7,name.com,,,
3de6934d-a5db-43da-b1fc-76e0dbe07982,yeasty.charity,available,5.99,40.99,medium,low,6,name.com,,,08/08/2026 19:56
e82bbbc8-a145-42d9-be8e-b06bbe5eda2b,ascensive.charity,available,5.99,40.99,medium,low,9,name.com,,,07/08/2026 00:46
fdcff31c-45af-4bf1-8939-6ea6eef92b59,atypical.charity,available,5.99,40.99,high,low,8,name.com,,,07/08/2026 16:06
61814011-0fde-431f-8b80-ae6749545189,aerie.charity,available,5.99,40.99,high,medium,5,name.com,,,
dfe830c4-ec46-4f71-ac40-540faabe8ff7,the.charity,available,,,high,medium,3,,,,
2053e0ea-e405-43c2-8257-1bca960541c8,anhydrous.charity,available,5.99,40.99,medium,low,9,name.com,,,
1afc14d9-47ce-417b-ad3f-0f8c1b6a953f,beaten.charity,available,5.99,40.99,medium,low,6,name.com,,,09/08/2026 05:47
aeeb692d-8606-4400-9c87-f5b97002ea4c,grass.charity,available,5.99,,high,low,5,name.com,,,
14e920a3-6b08-4cb2-975b-d6471426fcde,affiliation.charity,available,5.99,,high,low,11,name.com,,,
39dad08c-fa2a-4a3c-a879-a0355f4a8ccb,athletics.charity,available,5.99,,high,medium,9,name.com,,,
8d28555d-a357-4df0-8f71-ce706b3e3bcf,mount.charity,available,5.99,,high,low,5,name.com,,,
21c8a4d0-1d51-4b67-ae99-be439feb1e44,annoyance.charity,available,5.99,40.99,high,low,9,name.com,,,
ddbdba54-192c-4968-8025-72d47f064ac4,dwelling.charity,available,5.99,,high,low,8,name.com,,,
7fe8bf22-7a29-4b06-9958-e1a6043119af,extend.charity,available,5.99,,high,low,6,name.com,,,
294f875d-53c5-4a44-be61-abc3a38fe7fb,eating.charity,available,7.48,37.98,high,low,6,namecheap,,,08/09/2026 13:35
5d7fded5-9a13-480d-a968-6885b4514a28,boom.charity,available,5.99,,high,medium,4,name.com,,,
dd43b6b8-c441-4e95-aa56-b715610b6698,boot.charity,available,5.99,,high,low,4,name.com,,,
e937fc2d-ee6b-47a5-85cc-f8d9ac89f156,restless.charity,available,5.99,,high,low,8,name.com,,,
e9e46eed-70e3-40a7-8be0-8812323dc90d,conform.charity,available,5.99,,high,low,7,name.com,,,
01505f31-17dd-4961-b3d6-8fca39719b1d,performs.charity,available,5.99,,medium,low,8,name.com,,,
edff0e39-4377-48e1-a6d6-f5c7d1b87c7a,bullet.charity,available,5.99,,high,low,6,name.com,,,
1f49de10-a406-408d-a502-8a51cefbda73,bahai.charity,available,5.99,40.99,high,low,5,name.com,,,08/08/2026 08:27
4bbd039b-a114-44aa-9caa-47138fc90ee9,trolling.charity,available,5.99,,high,low,8,name.com,,,
3f45a6c2-2745-4461-bd08-f684afe46158,didnt.charity,available,5.99,,medium,low,5,name.com,,,
10eba150-963e-4be2-9774-add6179c3d74,dji.charity,premium,38.94,38.94,high,low,3,namesilo,,,
f34c0814-0f8c-4e42-9292-c56154820bb3,warranty.charity,available,5.99,,high,low,8,name.com,,,
120fd3d0-612c-4a95-99ac-5c81b902c525,alligator.charity,available,5.99,,high,low,9,name.com,,,
eaa9aee9-395c-4ebe-9804-c9c18f61afa0,stopped.charity,available,5.99,,high,low,7,name.com,,,
eb711de6-89c6-43e0-8267-2868d583315a,playacting.charity,available,5.99,40.99,medium,low,10,name.com,,,
c5258473-5bc3-46a3-87bd-f17539363135,orca.charity,available,5.99,,high,medium,4,name.com,,,
3901dc21-7218-4e30-aa1b-a7512da5bd1a,westwood.charity,available,5.99,,high,low,8,name.com,,,
7e69b104-4126-421e-afab-58364e3243ea,itchy.charity,available,5.99,40.99,high,low,5,name.com,,,05/08/2026 20:43
499453eb-82a8-413f-af87-bf81cb52e4db,despite.charity,available,5.99,,high,low,7,name.com,,,
6578b4d2-dac7-45d0-a655-cc422a5f56d6,liam.charity,available,5.99,,high,low,4,name.com,,,
969d89ca-f789-4e1a-888c-9bc8893c5650,amort.charity,available,5.99,40.99,medium,low,5,name.com,,,
5457dd39-de55-48bd-8975-3c05b4e19811,union.charity,available,5.99,,high,low,5,name.com,,,
5afa1588-5912-47d3-ac6d-793611dd8c53,packing.charity,available,5.99,,high,low,7,name.com,,,
534738e8-d6b8-4bf2-b6e7-be4d293a2c86,chambers.charity,available,7.48,37.98,high,low,8,namecheap,,,08/09/2026 06:47
9612a74c-522f-44f0-b94c-581e2c6ef13c,during.charity,available,5.99,,medium,low,6,name.com,,,
0405b387-2372-48ec-814c-2a8c70a3106d,constructive.charity,available,5.99,,high,low,12,name.com,,,
444fea46-734f-4934-aefe-ee9d0be0b9e7,marriage.charity,available,5.99,,high,low,8,name.com,,,
b6fbbb45-d00b-4145-ba8e-544c3a2a9a24,adobe.charity,available,,,high,low,5,,,,
52cbefae-8724-4e69-b2e6-dd02b520f1aa,lacking.charity,available,5.99,,high,low,7,name.com,,,
38ac84e1-6b88-47e4-bf53-eb72322ac73a,grown.charity,available,7.48,37.98,high,low,5,namecheap,,,08/09/2026 15:16
98f8d960-6117-41fe-b6cf-635fab2b6eb3,alloyed.charity,available,5.99,40.99,high,low,7,name.com,,,
79658848-7c50-4888-adfb-50b7067cb7e4,impressed.charity,available,5.99,,high,low,9,name.com,,,
37087fee-cc59-4eb0-91bb-c2cfbe2f2565,greedy.charity,available,5.99,40.99,high,low,6,name.com,,,07/08/2026 22:09
aa0a73c7-67be-4ba3-ab9e-16b6c41474ac,problem.charity,available,5.99,,high,low,7,name.com,,,
93810aae-4d55-41a8-b36d-0c9af0d467e6,alight.charity,available,5.99,40.99,high,low,6,name.com,,,
2365f1d1-bedc-4776-8c64-798a5f0a6267,animistic.charity,available,5.99,40.99,medium,low,9,name.com,,,
9e8c2107-90c4-4b35-8bc7-6150a7d69e7c,pub.charity,premium,250,,high,low,3,name.com,,,
bba5708e-b845-48c6-a0fe-043c8b341d98,details.charity,available,5.99,,high,low,7,name.com,,,
415a8356-24f5-4bcf-96cc-7263f618d283,repeated.charity,available,5.99,,high,low,8,name.com,,,
117e226e-4215-43dc-a123-69fed0ed86a7,profitable.charity,available,5.99,,high,low,10,name.com,,,
3d59c3e6-8a3b-49e2-8e52-b022581ee3e3,stubborn.charity,available,5.99,,high,low,8,name.com,,,
5840d751-dc9d-45e2-90ef-78ed432aaea6,fictitious.charity,available,5.99,40.99,medium,low,10,name.com,,,07/08/2026 07:50
99984d4e-6105-4144-9a31-bed42bb2f779,afferent.charity,available,5.99,40.99,high,low,8,name.com,,,
4dff74ef-9469-446c-98a6-0036763545c0,posting.charity,available,5.99,,high,low,7,name.com,,,
76005e42-32f3-4b31-891c-ee90142a26d2,tuesday.charity,available,5.99,,high,low,7,name.com,,,
3a1b4d86-6a1a-4bee-aa1f-410500bfb8ec,vacuous.charity,available,5.99,40.99,low,low,7,name.com,,,07/08/2026 02:52
656143cc-0dfe-428b-97e6-66083dcf251b,discomfort.charity,available,5.99,,high,low,10,name.com,,,
8c8a1f3c-0b86-47a2-9397-da1bac1efef4,baseless.charity,available,5.99,40.99,medium,low,8,name.com,,,08/08/2026 21:44
f732cdaf-eaab-4519-ad10-a7000b002d75,shortfall.charity,available,5.99,,high,low,9,name.com,,,
a430c569-d03d-4c04-8c1c-41cdb26b964f,sing.charity,available,5.99,,high,low,4,name.com,,,
eea911e0-8795-41b8-b1a7-ec183369a3da,credible.charity,available,5.99,40.99,high,low,8,name.com,,,09/08/2026 12:56
1c9fe866-1dc1-4933-9113-0740c06c96e4,duracell.charity,available,5.99,,high,low,8,name.com,,,
ab599310-0523-49ac-986e-d173b327b527,shadow.charity,available,5.99,,high,low,6,name.com,,,
9860382e-f280-4a12-9be8-e4f2f359bf39,dandy.charity,available,5.99,40.99,high,low,5,name.com,,,08/08/2026 12:30
775ed2a8-4e42-4004-a6ad-594ff8220eae,alienate.charity,available,5.99,40.99,high,low,8,name.com,,,
68d1eadc-dee7-4e8b-b137-03bccdd8fbcf,peeled.charity,available,5.99,40.99,medium,low,6,name.com,,,08/08/2026 18:24
2cf88362-68a7-4eb9-b62e-2028587ba863,shoe.charity,available,5.99,,high,low,4,name.com,,,
db74d33d-99ea-4c5a-b29f-bb87a4d5df16,destructive.charity,available,5.99,,medium,low,11,name.com,,,
c4d94fe1-fbbe-4a45-b379-3cb4182558ac,atp.charity,premium,38.94,38.94,high,low,3,namesilo,,,
9ea38943-31b2-4aa7-b175-0c987686e951,kangeroo.charity,available,5.99,,high,low,8,name.com,,,
55d8216f-a96b-4c7e-9b87-188858ce03f6,husky.charity,available,5.99,40.99,high,medium,5,name.com,,,09/08/2026 07:59
cb1a107b-04da-42f5-a2cb-a5d62837c45f,facing.charity,available,5.99,,high,low,6,name.com,,,
a902d63f-b3c5-42d1-8f3a-955ff6435afc,fiber.charity,available,5.99,,high,low,5,name.com,,,
467a39ee-ff59-4533-8dd0-16d67e178875,hardworking.charity,available,5.99,,high,low,11,name.com,,,
d670a6b3-87a7-463a-8b46-7408e9d846f0,marketplace.charity,available,5.99,,high,medium,11,name.com,,,
72dac747-9477-4168-a1c5-7f4fdcd5b0a4,antioxidant.charity,available,5.99,,high,low,11,name.com,,,
22eb5388-0500-418f-8f6c-1772630ff8b7,nassau.charity,premium,118.8,118.8,high,low,6,namesilo,,,
0c82081c-a1c2-4145-8cee-f849a558a357,stat.charity,available,5.99,,high,low,4,name.com,,,
77490f79-ed92-4d0c-85f0-78614f5a2038,anaemia.charity,available,5.99,,medium,low,7,name.com,,,
c7b6e229-2f20-48c7-bde9-e5e357cae6e6,polythene.charity,available,5.99,,high,low,9,name.com,,,
1bb1475c-af19-4e21-ba53-2972262070d5,solely.charity,available,5.99,40.99,high,low,6,name.com,,,
c3b3aee1-d97b-49f9-97b3-d6081737847a,already.charity,available,5.99,,high,low,7,name.com,,,
035bb3e8-4e3e-4dbc-bd33-5e463ddf8ff9,top.charity,premium,242,242,high,medium,3,namesilo,,,
f5153ad4-90f7-4bf1-b6ee-2ac7186f6efe,appointive.charity,available,5.99,40.99,medium,low,10,name.com,,,06/08/2026 07:16
5b398da9-d56f-44ed-a13b-3371a9dd474f,ego.charity,premium,38.94,38.94,high,low,3,namesilo,,,
fd50941d-c451-406c-8370-949844d7ef90,especially.charity,available,5.99,,high,low,10,name.com,,,
d91663cc-1b58-4854-b432-6d07f6e54060,value.charity,available,,,high,low,5,,,,
bb6318ee-e7ec-4817-81f9-cb7d8f5defc7,aspirer.charity,available,5.99,40.99,medium,low,7,name.com,,,07/08/2026 05:12
2a8e3a35-ffb6-49f7-8a8a-b87cb59bd5c9,dollar.charity,available,5.99,,high,low,6,name.com,,,
f0507bd6-de6b-4284-9d71-619842a94703,rhythmic.charity,available,5.99,,high,low,8,name.com,,,
db3ac67f-851a-4d39-b436-efca6edcb5c9,flowers.charity,available,5.99,,high,medium,7,name.com,,,
7a580f51-d754-4bff-9dd2-bc8cdf147406,clash.charity,available,5.99,,high,low,5,name.com,,,
88aac182-396d-45e7-b550-062682c64c08,alkalizer.charity,available,5.99,40.99,medium,low,9,name.com,,,
180e73ce-877d-4d81-8a09-a9dacad399b5,bricks.charity,available,5.99,,high,low,6,name.com,,,
785d6440-a789-4a11-a281-e686e8ec5bfa,nearest.charity,available,5.99,,high,low,7,name.com,,,
24efb436-a83e-466e-a06a-0ad8d03ec01f,worked.charity,available,5.99,,high,low,6,name.com,,,
1ce96564-c2a4-4637-ac7e-f5d04a812a59,bruise.charity,available,5.99,,high,low,6,name.com,,,
61da1be5-adcb-49a4-b057-5607e67a81bf,lxxxvi.charity,available,5.99,40.99,medium,low,6,name.com,,,
b29f7287-33e9-4777-a041-fc002530e317,punter.charity,available,5.99,,high,low,6,name.com,,,
cf1fa51b-78ab-46bc-8b7f-b7feb7cdcfe1,principal.charity,available,5.99,,high,low,9,name.com,,,
35148247-3fbf-49df-8969-348a8f167e17,clowning.charity,available,5.99,,high,low,8,name.com,,,
75851da2-1855-42a5-a881-50becc125ca1,turnabout.charity,available,5.99,,high,low,10,name.com,,,
54017d4f-0625-43a5-90ac-70612ec520be,felt.charity,available,5.99,,high,low,4,name.com,,,
49cdd7d0-363f-4d9e-b971-b8f0fb494207,compete.charity,available,5.99,,high,low,7,name.com,,,
ba544a7f-93b9-433d-87eb-90b1b821a120,anecdotal.charity,available,5.99,40.99,high,low,9,name.com,,,
4ddd547d-17a1-4e96-803a-61d45aa3176a,zesty.charity,available,5.99,40.99,high,low,5,name.com,,,08/08/2026 20:02
b64fd5bb-2afa-4c06-b8c0-2862c0f0efe6,chairwoman.charity,available,5.99,,high,low,10,name.com,,,
0b19c8ea-deda-4311-a113-fac1f636dd6b,northern.charity,available,5.99,,high,low,8,name.com,,,
4c3bbe1a-4aba-42ac-a548-7f8fb1cf501e,retarded.charity,available,5.99,,medium,low,8,name.com,,,
d05f3426-3151-4add-97f7-b4a74bc1f019,territory.charity,available,5.99,,high,low,9,name.com,,,
d2405b3c-64bc-440f-a956-3951d0993152,appeal.charity,available,5.99,,high,low,6,name.com,,,
3b1fe69c-292d-4a46-8eca-44758b82e2d3,martha.charity,available,5.99,,high,low,6,name.com,,,
d8bbf5e4-af39-4af5-ad01-3b97de9c21d1,nude.charity,available,5.99,40.99,high,low,4,name.com,,,07/08/2026 16:15
b766da54-64d2-40e7-9feb-614f3110cbc9,sophisticated.charity,available,5.99,,high,low,13,name.com,,,
f3f76000-9cf0-4746-8bc2-b0db3fbee559,aroid.charity,available,5.99,40.99,medium,low,5,name.com,,,06/08/2026 11:30
77fa8e6d-9af2-42c1-b116-05a4a4a7e715,apologize.charity,available,5.99,,high,low,9,name.com,,,
eec2fa1c-aa8f-4e02-9275-7164636faff0,neighbour.charity,available,5.99,,high,low,9,name.com,,,
de8e2089-0124-4791-b430-2863ceca9a35,hannukah.charity,available,5.99,,high,low,8,name.com,,,
683e184f-f94d-4a17-b3c3-7b47b8ad5c4d,escaped.charity,available,5.99,40.99,medium,low,7,name.com,,,07/08/2026 11:22
1b03a702-354b-487a-b118-c2018b5bfa86,abounding.charity,available,5.99,40.99,high,low,9,name.com,,,
4842fd96-4f04-4dfa-b86b-21be3bcd43e1,musical.charity,available,5.99,,high,low,7,name.com,,,
ae0e2314-3677-4511-989e-c1bc2a4f2c50,belt.charity,available,5.99,,high,low,4,name.com,,,
a7b7b5e1-7cd0-4cb8-bd4f-76f07ede836d,awe.charity,premium,38.94,38.94,high,low,3,namesilo,,,
4db62652-9905-4538-8876-fad0df569cd6,beneath.charity,available,5.99,,medium,low,7,name.com,,,
a2889238-4a39-4a37-8fe4-fb06c1d09e27,nates.charity,available,5.99,40.99,medium,low,5,name.com,,,09/08/2026 10:31
0427d9eb-ed35-4972-8e97-71d8f01799c1,abaft.charity,available,5.99,40.99,low,low,5,name.com,,,
fa8921ef-cce0-488e-bcd2-7db8803ba0c8,services.charity,available,5.99,,high,low,8,name.com,,,
0a24ab32-76a1-4e8e-827a-56004c3d6770,fibre.charity,available,5.99,,high,low,5,name.com,,,
870b3f05-3236-4772-b977-bd6c3a039e11,bearded.charity,available,5.99,40.99,high,low,7,name.com,,,08/08/2026 16:05
a31dd9e2-1569-49ee-900e-c7d46a691408,maddened.charity,available,5.99,40.99,medium,low,8,name.com,,,
d082a8d0-0aee-4163-aa94-d1c7a602cefa,gramme.charity,available,5.99,,high,low,6,name.com,,,
ec78d251-1177-4afe-ab4c-2295ef46ca43,gandhi.charity,available,5.99,,high,low,6,name.com,,,
819d6834-713b-46b7-95f2-2189ebac6af1,tip.charity,premium,38.94,38.94,high,low,3,namesilo,,,
b9b9e5e1-9090-4589-a22f-c0891ba3b13e,whereas.charity,available,5.99,,high,low,7,name.com,,,
39687260-af22-48c2-b0c3-11a593c2ab80,lake.charity,available,5.99,,high,low,4,name.com,,,
d0d99685-3e27-4140-8d2a-00af7ebac8ad,suppose.charity,available,5.99,,high,low,7,name.com,,,
86d54d45-f0b2-481c-a863-56ab91f350cb,bern.charity,premium,118.8,118.8,high,low,4,namesilo,,,
88d1ce1d-966f-457c-8394-d918e07bc6b7,scarface.charity,available,5.99,,high,low,8,name.com,,,
7a4ad89f-fa60-4992-a822-cdd4ed099c7d,adient.charity,available,5.99,40.99,medium,low,6,name.com,,,
bb17b519-3999-4c97-9188-83b5b638aaa6,wakening.charity,available,5.99,,high,low,8,name.com,,,
536500da-6b03-497e-9798-ef3332ac1e6e,forever.charity,available,5.99,,high,medium,7,name.com,,,
09661073-6b80-4bcf-aca4-65852a7a76ee,lunch.charity,available,5.99,,high,low,5,name.com,,,
0b79284f-90a2-4b80-807d-3bb5ceea0380,acetabular.charity,available,5.99,40.99,medium,low,10,name.com,,,
aefc77d7-1814-4c3d-89d5-8a43c02ffe62,aired.charity,available,5.99,40.99,high,low,5,name.com,,,
8622d959-9ff6-44e2-88ed-c23c6abd54d4,brightness.charity,available,5.99,,high,low,10,name.com,,,
d6ff968e-1f88-4afa-b351-5dcd15faa8b1,adding.charity,available,5.99,,high,low,6,name.com,,,
fc8110bd-83a1-415c-a51f-2c6f33e930a8,insufficient.charity,available,5.99,,medium,low,12,name.com,,,
9915ceb0-8d58-417d-a166-709560626950,aware.charity,available,5.99,,high,low,5,name.com,,,
c777a405-b8d0-4cc3-9fc2-3b47074e29f4,satisfy.charity,available,5.99,,high,low,7,name.com,,,
c3b2fcda-6c6d-4024-9c6b-0f25dbeaaaa5,torn.charity,available,5.99,,high,low,4,name.com,,,
adadb7ce-496e-47b2-b0c4-b4cf007a28a8,kamikaze.charity,available,5.99,,medium,low,8,name.com,,,
af65f0cd-5b7d-472e-a887-5fa5e8793fc9,hello.charity,resell,,,high,high,5,"NameSilo, LLC",28/10/2022 09:49,28/10/2026 09:49,
87c00aab-a22f-40a0-81ea-0dfd537d3f73,departed.charity,available,5.99,40.99,medium,low,8,name.com,,,07/08/2026 11:31
5553750d-a20a-4c70-b50e-a5ad98dd6d17,flush.charity,available,5.99,40.99,high,low,5,name.com,,,
a301b216-f50d-48bb-9675-cbcfd7025b1f,flack.charity,available,5.99,40.99,medium,low,5,name.com,,,
29589814-1f2a-4b80-82d4-e4078c3a92b6,heel.charity,available,5.99,,high,low,4,name.com,,,
82ae1dc4-d627-4ab5-b412-db0832bd7c63,someone.charity,available,5.99,,high,low,7,name.com,,,
529a49e5-a5c2-48a4-ba00-cc9e0cf24ddb,indifferent.charity,available,5.99,,high,low,11,name.com,,,
8e3b54e9-c4ee-4534-ab7f-739b3c161df6,selected.charity,available,5.99,,high,low,8,name.com,,,
aa79c98a-0412-41b3-928e-fd3dc80c52ef,physic.charity,available,5.99,40.99,high,low,6,name.com,,,05/08/2026 22:25
b79d9b3e-63b1-48cc-9a66-ea004fcc3c1e,acronym.charity,available,5.99,,high,low,7,name.com,,,
9872bc17-9277-4fd1-a126-7b7fe81a0985,tilted.charity,available,5.99,40.99,high,low,6,name.com,,,07/08/2026 13:29
fc4a6b9f-b829-4a31-92a4-619e6f9622db,paddle.charity,available,,,high,low,6,,,,
e2dd154d-cd52-4be4-8c91-18e12ec25aa7,eased.charity,available,5.99,40.99,high,low,5,name.com,,,
117da8d0-5639-4c67-bd47-6e0d2d3310e5,maintain.charity,available,5.99,,high,low,8,name.com,,,
a00c0ed2-aa0e-434f-8445-5f571494a58e,affidavit.charity,available,5.99,,high,low,9,name.com,,,
0f3de6a6-feb9-4bc2-ac7b-ec767445ac29,quote.charity,available,5.99,,high,low,5,name.com,,,
3a60a609-8c9f-4148-9f6d-e30ca1ebbdff,sleeping.charity,available,5.99,,high,low,8,name.com,,,
875ab0fb-2f1d-4233-b939-b171c028b20d,lying.charity,available,5.99,,high,low,5,name.com,,,
b9c2c76a-15ec-4609-a851-01d2cdea6115,linear.charity,available,5.99,40.99,high,low,6,name.com,,,
a6c74da0-077f-4d79-a19d-e1fea61b600d,eighth.charity,available,5.99,40.99,high,low,6,name.com,,,
ecbe3eca-7eea-4e20-8547-07562c4787f9,rebellion.charity,available,5.99,,high,low,9,name.com,,,
9f70d73e-8980-43df-8f19-bb6796ec3dce,enwrapped.charity,available,5.99,40.99,medium,low,9,name.com,,,
02d017e2-6570-4074-a226-9f37cf181f37,hover.charity,available,5.99,,high,low,5,name.com,,,
74562721-7a67-436f-ada2-307876aa4554,forty.charity,available,,,high,low,5,,,,
a4180074-af12-4e1a-93a1-67692bab45ce,attention.charity,available,5.99,,high,low,9,name.com,,,
14046b8a-2251-4399-bc47-decb93b443a9,sloth.charity,available,5.99,,high,low,5,name.com,,,
2f5b2b53-3174-4496-8cf3-5b88bbc1f8f5,retirement.charity,available,5.99,,high,low,10,name.com,,,
c4275823-44b3-4a19-87f1-3983659751e2,builder.charity,available,5.99,,high,low,7,name.com,,,
fb061378-99ba-44f1-ac26-38df0565943f,running.charity,available,5.99,,high,low,7,name.com,,,
ecec556c-4e8f-4a16-a78f-bd508f6fc5be,apostate.charity,available,5.99,40.99,medium,low,8,name.com,,,06/08/2026 03:35
02f9a2bf-c06b-4c5c-b42a-69fa24cb5d99,apophatic.charity,available,5.99,40.99,medium,low,9,name.com,,,06/08/2026 02:27
8c995d08-125c-4e9f-9124-0bcd1449ea27,lap.charity,premium,38.94,38.94,high,low,3,namesilo,,,
a24746ce-b95c-4d4b-8390-ff659be2a213,youth.charity,available,5.99,,high,low,5,name.com,,,
73d60b56-7fda-4d4b-9869-66b252725b0c,assure.charity,available,5.99,,high,low,6,name.com,,,
8a983fd5-d701-466c-8455-268fe3546d28,adulterous.charity,available,5.99,40.99,medium,low,10,name.com,,,
11ca9e98-3a62-4cc5-9d98-6f0a554cb957,saturday.charity,available,5.99,,high,low,8,name.com,,,
8351f522-106b-49df-b95a-07a2b040ebed,slot.charity,available,5.99,,high,low,4,name.com,,,
a1c345ea-1c88-4e6c-b46f-478728203dd8,swastika.charity,available,5.99,,medium,low,8,name.com,,,
0c67ea0b-2eb3-485e-9fd2-6266370ac506,universally.charity,available,5.99,,high,low,11,name.com,,,
38e81d6a-435a-4da5-8bb3-52969c14d866,token.charity,resell,,,high,medium,5,Dynadot Inc,07/10/2018 07:21,07/10/2026 07:21,
7795deea-0bd4-4d58-8ca3-7ebdc80ec1cd,buzzed.charity,available,5.99,,high,low,6,name.com,,,
47793844-0392-417b-a77e-de19df521f40,lower.charity,available,5.99,,high,low,5,name.com,,,
dfcb7b1c-03ca-48c6-9261-31b7e5971647,field.charity,available,5.99,,high,low,5,name.com,,,
274fcaf6-e3f4-414a-9e0c-a892fa2afdd7,providence.charity,premium,118.8,118.8,high,low,10,namesilo,,,
b372d88d-79c0-4003-bfda-33061a1a66d6,bearish.charity,available,5.99,40.99,medium,low,7,name.com,,,09/08/2026 04:48
890c1515-e602-4a53-8f8b-e219ec284b57,aluminous.charity,available,5.99,40.99,medium,low,9,name.com,,,
e60e7327-7eb1-4631-b599-51beff4b69de,function.charity,available,5.99,,high,low,8,name.com,,,
16732114-bd0b-4706-ba39-a3519d193d37,location.charity,available,5.99,,high,low,8,name.com,,,
fcc6c6b0-3c0d-4024-aa00-69693b34dffa,concluded.charity,available,5.99,40.99,high,low,9,name.com,,,
bcdad430-3d8f-4959-b501-86fb8a02bd86,consultant.charity,available,5.99,,high,low,10,name.com,,,
e872e478-b247-424b-810e-5c73966af106,covering.charity,available,5.99,,high,low,8,name.com,,,
70e50bd5-c713-465c-8e84-cf29e5a71096,huge.charity,available,5.99,,high,low,4,name.com,,,
c61347d9-df9d-44bd-bf1f-9d27f5420d7a,detestable.charity,available,5.99,40.99,medium,low,10,name.com,,,
3643262f-cde8-4e06-90b4-062ecbb83422,arboreal.charity,available,5.99,40.99,high,low,8,name.com,,,06/08/2026 13:18
c9676f34-8a49-4c38-a31f-52c7b1693f24,drinking.charity,available,5.99,,high,low,8,name.com,,,
4fad0e21-0a34-4b8f-999c-975147ce9bc3,organised.charity,available,5.99,,high,low,9,name.com,,,
b682e1f4-9cee-4a5e-bea4-b8838c14a909,opinion.charity,available,5.99,,high,low,7,name.com,,,
5704eb6c-2e19-4c50-92a9-862030815781,upcoming.charity,available,5.99,40.99,high,low,8,name.com,,,06/08/2026 08:39
89ca8d86-0252-4364-8206-79d84e219c05,axonal.charity,available,5.99,40.99,medium,low,6,name.com,,,08/08/2026 02:01
d0306c5d-d2d1-4b11-8ddd-b0b4c9968f52,aquiline.charity,available,5.99,40.99,medium,low,8,name.com,,,06/08/2026 11:01
ad578aa3-1e49-47ae-80f7-210a2be4d1e5,grocery.charity,available,7.48,37.98,high,low,7,namecheap,,,08/09/2026 13:48
48f07420-8414-4b2c-8765-f35d3a59c0b4,barebacked.charity,available,5.99,40.99,medium,low,10,name.com,,,08/08/2026 18:44
e2137104-f32c-448e-9a0b-2e644dd5f236,barrier.charity,available,5.99,,high,low,7,name.com,,,
c40692d2-811d-47e7-8929-0fbbc77b21d7,ruined.charity,available,5.99,,high,low,6,name.com,,,
d96c1d0d-ad69-45a0-bc85-ed008dab42ae,insurance.charity,available,5.99,,high,medium,9,name.com,,,
518ab3f4-980f-4cc9-ac64-59fe444b096f,refine.charity,available,5.99,,high,low,6,name.com,,,
e0eefb82-8882-47dc-b12f-d11fede1fdc0,student.charity,premium,260,260,high,low,7,namecheap,,,
cfdb8fac-b1a4-434c-ba04-68c9b20db10f,teeth.charity,available,5.99,,high,low,5,name.com,,,
a37fcee1-f9cb-49f1-915c-533bfb1c2ce7,wages.charity,available,5.99,,high,low,5,name.com,,,
2133204a-812d-49c4-85d3-26f7f13a97eb,valuable.charity,available,5.99,,high,low,8,name.com,,,
ed762d4f-be41-41a3-aa63-c7d83c042415,flexing.charity,available,5.99,,high,low,7,name.com,,,
a2567b83-5da9-4163-ad63-bbd01bfab33f,balky.charity,available,5.99,40.99,medium,low,5,name.com,,,08/08/2026 09:55
3c5e1302-ed3c-4fc6-9479-a8d573e2d985,thrown.charity,available,5.99,,high,low,6,name.com,,,
9090b33b-9d04-4468-a528-0e29afc8d43e,arguable.charity,available,5.99,40.99,medium,low,8,name.com,,,06/08/2026 18:32
c03ac9cb-dc27-41af-a9d9-7f5be812605c,laborious.charity,available,5.99,40.99,medium,low,9,name.com,,,06/08/2026 17:00
c8f9dbdc-0351-4d6a-96bd-63fbab279b07,exercising.charity,available,5.99,,high,low,10,name.com,,,
b96248c0-485f-47de-ac6e-6ed32a52be3a,sworn.charity,available,5.99,,high,low,5,name.com,,,
cfd16984-e45a-499b-bfcb-3884a235a704,attic.charity,available,5.99,40.99,high,low,5,name.com,,,07/08/2026 15:46
26dfcedd-992c-4196-bcc2-f2e3bff35013,mouthguard.charity,available,5.99,,medium,low,11,name.com,,,
d04968ab-73c4-4d08-a1b7-fce4bb5ce873,arrayed.charity,available,5.99,40.99,medium,low,7,name.com,,,06/08/2026 21:37
a07b9593-e69a-437d-9c0c-dba0eba1598c,cxl.charity,premium,14.99,23.99,high,low,3,namesilo,,,
a4ded9ce-bc8c-440e-97fb-81860e328ccc,who.charity,available,,,medium,low,3,,,,
886a3f74-da8e-48c4-829f-3be43ca69894,behave.charity,available,5.99,,high,low,6,name.com,,,
82361162-c7c6-407f-8488-d0f6f60b0af9,blackmailing.charity,available,5.99,,medium,low,12,name.com,,,
e458811c-2649-47ae-b507-dcdf18f0f625,deposits.charity,available,5.99,,high,low,8,name.com,,,
d45eaf77-6ea6-4d3b-9594-e2263a5841a9,backstage.charity,available,5.99,40.99,high,low,9,name.com,,,08/08/2026 06:18
a2a09486-a7eb-4c97-a2bc-08aba75bdbe6,pillowcase.charity,available,5.99,,high,low,11,name.com,,,
d43412b1-51b6-4690-8894-21e054374ba3,winner.charity,available,5.99,,high,low,6,name.com,,,
3ee98ab3-a0d1-488b-bb05-304efc838978,hoops.charity,available,5.99,,high,low,5,name.com,,,
787ef4b5-40eb-45c9-8e6d-de8a7d2c4088,abide.charity,available,5.99,,high,low,5,name.com,,,
b7df4e3b-4c1e-4162-8ce6-ed75708eba27,andante.charity,available,5.99,40.99,high,low,7,name.com,,,
7f646b71-c66a-4f6f-abf6-23d0368911c1,insect.charity,available,5.99,,high,low,6,name.com,,,
91063d68-7fab-494d-a234-c22e2f1b1eb5,currently.charity,available,5.99,,high,low,9,name.com,,,
8baf0c5a-42ca-48a6-84cc-e2ca9772fa1e,pace.charity,available,5.99,,high,low,4,name.com,,,
c6450241-b589-4f82-8c26-a8c35feb8ab4,looks.charity,available,5.99,,high,low,5,name.com,,,
b0bdec94-005b-4a0b-a18a-c7a101f50acc,quantity.charity,available,5.99,,high,low,8,name.com,,,
9cd544e1-120e-40cf-ac8c-1742ce5b6be8,barring.charity,available,5.99,,medium,low,7,name.com,,,
175f091d-880e-4d0b-9e1f-cf63057d60f1,subalpine.charity,available,5.99,40.99,medium,low,9,name.com,,,
eb1d02db-2a76-485a-a731-0191bde84366,skin.charity,premium,242,242,high,low,4,namesilo,,,
49d18f2b-9368-4d46-abae-8790f833c140,specific.charity,available,5.99,,high,low,8,name.com,,,
b247ccd7-7898-46e3-a5c2-be5332b26ce3,anarchic.charity,available,5.99,40.99,medium,low,8,name.com,,,
2f3be873-c4a8-47be-88b0-b5bf5e3259fd,france.charity,available,,,high,low,6,,,,
e53011d7-03c8-419b-8380-f658ef5b101b,teens.charity,available,5.99,,high,low,5,name.com,,,
a1bb696c-c7d5-4db5-803c-a8b86168c2af,competing.charity,available,5.99,,high,low,9,name.com,,,
2e56fbbf-ada0-4226-ba86-35cea24629d1,traveller.charity,available,5.99,,high,low,9,name.com,,,
8c4dc563-1f6c-44af-9694-9060f9ef29ab,artwork.charity,available,5.99,,high,low,7,name.com,,,
dd726077-b609-46d2-a2ea-c6207b4ab9e1,exaggerate.charity,available,5.99,,high,low,10,name.com,,,
776898ec-2cdf-4026-941d-45510c1c03ad,rested.charity,available,5.99,,high,low,6,name.com,,,
82408572-145c-4677-bd8d-6d7f03f753a6,alaska.charity,premium,242,242,high,low,6,namesilo,,,
d13d9d6d-49d9-4883-8930-d1c46b4b94e0,furtive.charity,available,5.99,40.99,medium,low,7,name.com,,,08/08/2026 06:32
0a4d6c95-26de-4c77-b745-58a07e4d70f7,potential.charity,available,5.99,,high,low,9,name.com,,,
f6e2016b-d950-49c1-8076-726dc2673f86,rushing.charity,available,5.99,,high,low,7,name.com,,,
36f23a1c-2eb4-49d1-b97e-eb84da00565a,default.charity,available,5.99,,high,low,7,name.com,,,
6686f7a8-1636-4e57-a5cb-8e0b466ce083,aroused.charity,available,5.99,40.99,high,low,7,name.com,,,
e9142a9a-b99b-4eda-82fb-f8efb8bd3acb,uncontrollable.charity,available,5.99,,medium,low,14,name.com,,,
9ff531db-d45f-4608-9897-f3c82421346d,topless.charity,available,5.99,40.99,medium,low,7,name.com,,,08/08/2026 18:33
bcee8808-4e34-49c6-983b-e3d5ce4263b1,aperiodic.charity,available,5.99,40.99,medium,low,9,name.com,,,05/08/2026 22:30
1d52c208-f362-497d-8fd6-9e2369582aa2,hospital.charity,available,5.99,,high,low,8,name.com,,,
69865a44-9872-4893-a67c-f90c6e486d74,divide.charity,available,5.99,,high,low,6,name.com,,,
8040f1f4-eb8f-4837-b36f-eafc25afe003,anabolic.charity,available,5.99,40.99,high,low,8,name.com,,,
494e5d1f-23fb-4469-bce7-4907f9065ca8,incidence.charity,available,5.99,,high,low,9,name.com,,,
3c8991b4-0de9-456d-bf18-4ec77e5d7f00,elsewhere.charity,available,5.99,,high,low,9,name.com,,,
e9f97ec7-e61c-4bb4-9dba-c2f81f48a306,cheated.charity,available,5.99,,medium,low,7,name.com,,,
be7eaa12-dfc9-4152-ad23-f225d8d162d0,holding.charity,available,5.99,,high,low,7,name.com,,,
d8e78747-ac8e-4e9d-aa07-17169c03efbe,curl.charity,available,5.99,,high,low,4,name.com,,,
ca104cdd-ddc0-4167-a0e9-8b2c1d3da40e,bit.charity,premium,242,242,high,medium,3,namesilo,,,
8895113c-0dcf-4728-ab23-7f11d35fea6c,incidental.charity,available,5.99,40.99,high,low,10,name.com,,,
7ea18e3f-76b8-44e7-b2ff-525d5062b8db,hub.charity,premium,38.94,38.94,high,medium,3,namesilo,,,
73a1bfde-8cd0-4024-9b1b-5746d6e7de46,week.charity,available,5.99,,high,low,4,name.com,,,
438239dc-c9d6-4869-bb73-2a36915e5b88,whisking.charity,available,5.99,,high,low,8,name.com,,,
63abd2fa-edbe-4503-87b2-9a55e9d756c9,accountability.charity,available,5.99,,high,low,14,name.com,,,
75f65982-ba81-41d9-88d5-efd222679316,shelf.charity,available,5.99,,high,low,5,name.com,,,
92ce0629-479c-40a6-a8c3-e47249e9e21e,penis.charity,available,5.99,,high,low,5,name.com,,,
5c165529-f11e-43dc-a07c-05d27553ceac,placed.charity,available,5.99,,high,low,6,name.com,,,
0789ba33-f0aa-47e1-9f02-1c32c5985e72,franks.charity,available,5.99,,high,low,6,name.com,,,
3390fc8d-d263-4e66-84ce-71ac5c22001c,lafayette.charity,premium,118.8,118.8,high,low,9,namesilo,,,
3292f8d2-11cf-439e-b72c-ecf326d909e5,eid.charity,premium,38.94,38.94,high,low,3,namesilo,,,
88dc3028-1a7d-4b09-ba55-a84b23aaae19,browse.charity,available,5.99,,high,low,6,name.com,,,
76cdd923-37c6-4201-8298-b49e665dd3df,eyry.charity,available,5.99,40.99,high,low,4,name.com,,,
5796a3bf-b617-42b1-bc58-b40d76b2a2bc,bonus.charity,available,5.99,,high,low,5,name.com,,,
ac744eb5-105a-4c62-ad3d-69ca38cb314c,shifting.charity,available,5.99,,high,low,8,name.com,,,
8d59f9b2-46e1-42e1-bc0e-2d15f38b4c9a,plate.charity,available,5.99,,high,low,5,name.com,,,
3ff0b296-c5c3-4971-92aa-bdfa7b1e1103,forum.charity,available,5.99,,high,low,5,name.com,,,
931d3e2e-d630-4d55-9e13-0c1d54acebf3,pernicious.charity,available,5.99,40.99,medium,low,10,name.com,,,08/08/2026 12:01
fede1505-5ee7-47b5-92e1-7828942845a8,aflame.charity,available,5.99,40.99,high,low,6,name.com,,,
48cad183-2eb7-4c74-b273-7e192fdb4304,complicated.charity,available,5.99,,high,low,11,name.com,,,
18398c08-9066-4ef5-8b9c-f05f9c171ffa,annotated.charity,available,5.99,,high,low,9,name.com,,,
91c635f9-f844-4382-ad25-0850d8f57e20,enlivening.charity,available,5.99,40.99,medium,low,10,name.com,,,
10bb6f09-8c24-4d6f-962b-6b6733fbcd4d,lucrative.charity,available,5.99,,high,low,9,name.com,,,
e89d8157-cfd7-42cd-95d6-40649d40f44f,stick.charity,available,5.99,,high,low,5,name.com,,,
21a822f4-92dc-4956-93ba-35e0e27e923f,allometric.charity,available,5.99,40.99,medium,low,10,name.com,,,
19464b95-d13a-4d80-8708-371a785e3a88,band.charity,available,5.99,,high,low,4,name.com,,,
62a76604-d380-4672-9d83-874ec4fde936,england.charity,available,5.99,,high,low,7,name.com,,,
051ed18f-3f2e-4715-aacf-f13f7c087155,backpack.charity,available,5.99,,high,low,8,name.com,,,
095f0e72-dc8d-4e88-bbea-cc9a8cc07554,detest.charity,available,5.99,,medium,low,6,name.com,,,
098ae4fb-b7db-4a70-b4b8-f5a99d4b41bd,complicate.charity,available,7.48,37.98,high,low,10,namecheap,,,08/09/2026 14:25
0a828d5d-afb9-4a0b-9a56-6b2813c81a0b,unlimited.charity,available,5.99,,high,low,9,name.com,,,
ecaf5507-dfa6-4356-8032-58ba721f0703,citibank.charity,available,5.99,,high,medium,8,name.com,,,
314532c1-ee00-44a1-b3cc-a65a29e8911a,slam.charity,available,5.99,,high,low,4,name.com,,,
3f71448c-c1a2-4b76-a66a-fe60909bf714,camouflage.charity,available,5.99,,high,low,10,name.com,,,
39cf6ca8-6405-48d9-9484-81537db60f45,rid.charity,premium,38.94,38.94,high,low,3,namesilo,,,
0682a0b1-c8c6-4229-84b3-e768546b8fdd,lordly.charity,available,5.99,40.99,high,low,6,name.com,,,07/08/2026 17:05
a7909a61-bb9b-4d10-a8ca-5b2713e037ac,regarded.charity,available,5.99,,high,low,8,name.com,,,
e9a36791-2835-460d-bbff-aee302a0d526,princess.charity,available,5.99,,high,low,8,name.com,,,
a6683ada-ef8c-4a8c-9478-74e26fd8dfbc,sainted.charity,available,5.99,40.99,high,low,7,name.com,,,
cc3fa9c6-7080-44cf-b05a-b1abff23cf92,sushi.charity,available,5.99,,high,low,5,name.com,,,
22b10079-2be3-4044-aa25-703c312b6df0,change.charity,available,5.99,,high,medium,6,name.com,,,
bfc0a784-b6d3-421d-bfa0-49b6a1fe1a41,scratchy.charity,available,5.99,40.99,medium,low,8,name.com,,,
46236cc6-b6ae-4dcc-bf8d-efacf495e487,dakar.charity,premium,118.8,118.8,high,low,5,namesilo,,,
98a74cfd-f4de-48aa-a6de-684d35598dd7,sixth.charity,available,5.99,40.99,high,low,5,name.com,,,
01029784-f383-470a-847f-42cbfb271f2a,formalise.charity,available,5.99,,high,low,9,name.com,,,
2edc2660-be5a-45aa-90f1-ca126b9d4fef,loved.charity,available,5.99,,high,low,5,name.com,,,
08e29392-3eb5-4ef0-9adc-6907d5e43252,aplitic.charity,available,5.99,40.99,medium,low,7,name.com,,,06/08/2026 00:35
6323efef-b311-46dc-841e-392cb4ae62d6,assignable.charity,available,5.99,40.99,medium,low,10,name.com,,,07/08/2026 06:19
884bf4df-ee6a-4fd1-8dcf-459e8902350d,cons.charity,available,5.99,,high,low,4,name.com,,,
ac6ac8b2-22ef-40aa-b6d4-b81647d427ca,provider.charity,available,5.99,,high,low,8,name.com,,,
68573b1e-8e28-4c4b-9af4-8dcd38081b10,rookie.charity,available,5.99,,high,low,6,name.com,,,
dc7039a9-3e2e-439c-8967-d08e8096d64d,florid.charity,available,5.99,40.99,medium,low,6,name.com,,,07/08/2026 17:26
f9c36c04-398e-44e8-b902-d82be8d8a538,gear.charity,available,5.99,,high,low,4,name.com,,,
0aabe052-e831-4b7b-8331-adf1600ef0f1,poster.charity,available,5.99,,high,low,6,name.com,,,
4ba75fda-0f0a-4128-8f9e-61efdb177df2,doubling.charity,available,5.99,,high,low,8,name.com,,,
cfd9d141-3c81-407e-a597-a047c147bd00,fill.charity,available,5.99,,high,low,4,name.com,,,
2b0611de-1baf-4787-8977-c6a8edfb4071,jody.charity,available,5.99,,high,low,4,name.com,,,
702e75a2-cc05-4027-abec-dbee0de23015,upstart.charity,available,5.99,,high,low,7,name.com,,,
c192520d-5776-4d16-a281-883a29ce167f,dispatching.charity,available,5.99,,high,low,11,name.com,,,
63a79f19-b38e-4e9e-b79d-9dcf10fff9a7,snapping.charity,available,5.99,,high,low,8,name.com,,,
2c96dbce-28a9-43e5-88c5-4907e1ecbef2,mouthfeel.charity,available,5.99,,high,low,10,name.com,,,
1cc4df6c-fe33-49f4-b75f-8b7f668680f9,shelter.charity,available,5.99,,high,low,7,name.com,,,
d99aa33f-a7fd-4610-b86c-5e58807ec4b6,quaternary.charity,available,5.99,40.99,medium,low,10,name.com,,,
6ff66e27-8cae-4155-adea-68a1ccc04e5a,accidental.charity,available,5.99,40.99,high,low,10,name.com,,,
e85026c3-b9e4-4870-a4a0-2e0024fb6e72,accursed.charity,available,,,medium,low,8,,,,
68ddc36d-6575-4477-94a8-eaf861adbb44,detroit.charity,premium,242,242,high,low,7,namesilo,,,
accded37-0dd7-4547-9434-faf66173780d,genuinely.charity,available,5.99,,high,low,9,name.com,,,
17b80022-a317-49dd-ab2b-2bd715e68b9f,aggregated.charity,available,5.99,40.99,high,low,10,name.com,,,
bf155371-29fb-47a7-b074-c5fbf48b2508,beautifully.charity,available,5.99,,high,low,11,name.com,,,
5ec99be3-2a4e-453c-82d0-9f1cdfff669a,mixture.charity,available,5.99,,high,low,7,name.com,,,
9e9a9f95-8ca9-4e44-ac90-b3cbbb34032e,alky.charity,available,5.99,40.99,medium,low,4,name.com,,,
45ea0029-8033-481a-a4a7-7b82838a6ac6,shear.charity,available,5.99,,medium,low,5,name.com,,,
76ec1e3c-b2d9-48b4-a1bc-292064e4323c,typing.charity,available,5.99,,high,low,6,name.com,,,
7a5d80fb-325b-486e-a141-3f6f0a9184d5,conquest.charity,available,5.99,,high,low,8,name.com,,,
fbbf0649-807c-4883-8159-287a35086098,dinner.charity,available,5.99,,high,low,6,name.com,,,
03407521-bb42-4e7e-9eb3-2547fa465135,exonerated.charity,available,5.99,40.99,high,low,10,name.com,,,
b89cc86c-119d-4f76-8617-469bea7147c4,mother.charity,available,5.99,,high,low,6,name.com,,,
2842cded-8cf3-4ea5-983d-3d733738a9fd,cinnamon.charity,available,5.99,,high,low,8,name.com,,,
5f96081e-520e-4c25-9914-c548198972af,adaxial.charity,available,5.99,40.99,medium,low,7,name.com,,,
0ccf6f29-88bc-4018-bcac-ca1966ec2d3d,gymnastic.charity,available,5.99,40.99,high,low,9,name.com,,,
60824199-a69a-4575-8029-bcec07e9ca1c,terminal.charity,available,7.48,37.98,high,low,8,namecheap,,,08/09/2026 11:51
776d628e-9236-40b4-94fe-243c226e7476,occasion.charity,available,5.99,,high,low,8,name.com,,,
092199df-274d-493b-b41f-153df4c9f264,analyze.charity,available,5.99,,high,low,7,name.com,,,
88859649-7ea9-4401-9e4b-502495a69229,artesian.charity,available,5.99,40.99,high,low,8,name.com,,,06/08/2026 22:39
881fc97b-a737-4b5b-9408-7f5e9189ef84,choose.charity,premium,242,242,high,low,6,namesilo,,,
6c1a8cd2-5e25-4d0d-8dfb-e5480ebcb9bf,hamburger.charity,available,5.99,,high,low,9,name.com,,,
6b118eb2-a155-44ad-bc8c-0239d580f4c5,heat.charity,available,5.99,,high,low,4,name.com,,,
93de624a-c056-4c64-8545-7ed3e2fab0f5,centralised.charity,available,5.99,,high,low,11,name.com,,,
4b4b8735-e6c8-4149-8e28-775dc0f79c20,ivy.charity,premium,38.94,38.94,high,low,3,namesilo,,,
cfbcb297-ef18-4afc-a0b0-18c19f405252,briefs.charity,available,5.99,,high,low,6,name.com,,,
3067298a-878a-4084-a5d4-86e745217943,grimy.charity,available,5.99,40.99,medium,low,5,name.com,,,09/08/2026 09:25
1d8e546c-8aa2-4269-9b55-21b8d0c559fb,steer.charity,available,5.99,,high,low,5,name.com,,,
757188f9-549a-42c6-a833-ff03597d493e,basics.charity,available,5.99,,high,low,6,name.com,,,
550b355d-f138-40f4-87ec-f53140c9222a,transmit.charity,available,5.99,,high,low,8,name.com,,,
6957f28f-807f-4348-914e-2862eeff1741,introduce.charity,available,5.99,,high,low,9,name.com,,,
841e2dc4-8634-4251-8389-cc2da85c7e64,thrift.charity,available,5.99,,high,low,6,name.com,,,
7dae9368-8650-4698-bfcb-f9952dd7e1eb,wire.charity,available,5.99,,high,low,4,name.com,,,
c15374dd-5ccf-4aa6-af05-28082a914bf9,context.charity,available,5.99,,high,medium,7,name.com,,,
94933d2b-0ccb-471c-bdc2-c2497309156f,apparel.charity,available,5.99,,high,low,7,name.com,,,
541b7fe7-f6bd-4e1b-82d5-27d5464e2d20,bald.charity,available,5.99,40.99,medium,low,4,name.com,,,08/08/2026 09:16
e7da9819-fff3-4565-9f58-d6e6f7a9f457,tardy.charity,available,5.99,40.99,medium,low,5,name.com,,,09/08/2026 12:42
19af1be1-0e58-43c3-b741-910e8a7da1ca,injury.charity,available,5.99,,high,low,6,name.com,,,
87437348-6357-43eb-a0b9-e1852640aaaf,indoaryan.charity,available,5.99,40.99,medium,low,10,name.com,,,06/08/2026 23:56
d8dda7e3-8325-4f14-b3c2-a75776d857f1,lightweight.charity,available,5.99,,high,low,11,name.com,,,
58e3acb8-19ca-453e-a701-df0546635c93,allergenic.charity,available,5.99,40.99,medium,low,10,name.com,,,
09c34942-6050-4011-9a37-3d57b65a16e9,distress.charity,available,5.99,,high,low,8,name.com,,,
3c879360-4457-4089-ad5d-6b136a92bc9f,bump.charity,available,5.99,,high,low,4,name.com,,,
fd016973-e926-4ab3-973b-9fb38f3f9432,coherently.charity,available,5.99,,high,low,10,name.com,,,
482efb0d-709f-4dbc-b5a7-f0f88008f4c2,midwinter.charity,available,5.99,,medium,low,10,name.com,,,
d13d2463-2d34-40bf-897a-bb086871f5bd,completion.charity,available,5.99,,high,low,10,name.com,,,
43f6a1f6-1b15-4fe2-ac4c-674ff293f407,lesson.charity,available,5.99,,high,low,6,name.com,,,
b503b72c-1cca-4e42-a01c-ec2ae396d634,solve.charity,available,5.99,,high,low,5,name.com,,,
2f9291f0-f517-430c-8336-068b0e0140a3,might.charity,available,5.99,,high,low,5,name.com,,,
d94e69b4-c85e-4570-b036-a74ccf703a3e,ser.charity,premium,41.25,,high,low,3,name.com,,,
5e7fe3e6-ab05-44ad-ac75-c4f148431bc9,alimony.charity,available,5.99,,high,low,7,name.com,,,
94cd9c45-be76-4b49-a318-fd13f498ffb7,diplomacy.charity,available,5.99,,high,low,9,name.com,,,
5d67b69a-7fbc-44e9-988c-e551dfd6e0e4,autolytic.charity,available,5.99,40.99,medium,low,9,name.com,,,07/08/2026 20:42
4dab5e54-39cd-4887-bd0c-c070da622b78,diligence.charity,available,5.99,,high,low,9,name.com,,,
a6365572-07cb-4513-a182-84bf8c9e05da,baronial.charity,available,5.99,40.99,medium,low,8,name.com,,,08/08/2026 20:11
14e1678d-4ae4-4e99-83c7-d65a68dcb392,named.charity,available,5.99,,high,low,5,name.com,,,
4440c4d2-3010-492b-9211-6d4733512d84,wonky.charity,available,5.99,40.99,medium,low,5,name.com,,,07/08/2026 03:46
80145ecc-488a-4984-aa0a-b7ee5fe55cbb,xci.charity,premium,41.25,41.25,medium,low,3,name.com,,,
c1e1f4b9-a444-425e-8b0a-f6797b73ec1c,illness.charity,available,5.99,,high,low,7,name.com,,,
4b7d01e4-b404-4d1a-b4ce-312c9a3c1db6,overhang.charity,available,5.99,40.99,medium,low,8,name.com,,,09/08/2026 08:28
05f7c6d2-a40e-4101-912e-01735a601697,acre.charity,available,5.99,,high,low,4,name.com,,,
215d1459-f162-4f71-8a5b-7cadbccd9009,ablaze.charity,available,5.99,40.99,high,low,6,name.com,,,
468b354f-ce65-49af-966d-76dea8df3870,quilting.charity,available,5.99,,high,low,8,name.com,,,
574739f6-1e5d-472d-9713-ac549952b522,authorial.charity,available,5.99,40.99,medium,low,9,name.com,,,07/08/2026 16:19
5e7a1bc1-efd9-4363-973b-c332bb15043a,ebook.charity,available,5.99,,high,low,6,name.com,,,
2632891e-1516-4a80-9e71-de1ce5579b94,patrician.charity,available,5.99,40.99,medium,low,9,name.com,,,06/08/2026 19:34
3ff1b436-8e21-405c-8836-5e3e074975a0,massive.charity,available,5.99,,high,low,7,name.com,,,
67728d78-bf4a-4be8-afe2-6c885a6e6c39,utterly.charity,available,5.99,,high,low,7,name.com,,,
e8ec2006-442b-4f93-b90d-2a2ef3923483,wear.charity,available,5.99,,high,low,4,name.com,,,
0a99163e-b94f-4f06-96a6-3a27dcaafa58,inc.charity,premium,242,242,high,low,3,namesilo,,,
64dc91ab-6462-4f1b-a47f-c717a83db267,definitively.charity,available,5.99,,medium,low,12,name.com,,,
f943856e-e605-40c3-b6ca-d786495cc9a2,clv.charity,premium,14.99,23.99,high,low,3,namesilo,,,
b4d13e8a-139c-41ce-bdbd-fcd66fece2f0,chagrined.charity,available,5.99,40.99,medium,low,9,name.com,,,
9694ca93-6ee1-4211-9628-c94a91f187a7,jacket.charity,available,5.99,,high,low,6,name.com,,,
92bb0b9b-72ea-48a0-9c51-edc5af857fa0,dismayed.charity,available,5.99,40.99,medium,low,8,name.com,,,
30d7ac19-167a-4a12-90be-1baf424679d3,lopsided.charity,available,5.99,40.99,medium,low,8,name.com,,,07/08/2026 03:41
93956ce6-c545-4e83-8df9-973b8a4fe790,judgement.charity,available,5.99,,high,low,9,name.com,,,
32d5625c-2e2e-45e7-ad79-e5408396fbff,refrigerator.charity,available,5.99,,high,low,12,name.com,,,
0710a15e-ad8d-4758-a515-7df5335eaa82,period.charity,available,14.99,23.99,high,low,6,namesilo,,,24/09/2026 20:40
f6f0b451-5bb6-4cb7-b72b-038e5450c12e,grey.charity,available,7.48,37.98,high,low,4,namecheap,,,08/09/2026 07:08
287a67df-9729-4555-b9b4-a14e34409f35,conference.charity,available,5.99,,high,low,10,name.com,,,
62b3ef4e-4435-45b0-af65-3a3143d1e805,sweat.charity,available,5.99,,high,low,5,name.com,,,
b50a5bef-7ba2-40fb-9e16-574a6cb59a0d,parallel.charity,available,5.99,40.99,high,low,8,name.com,,,
a35985e4-08dc-4bb1-ad48-fafe7f9ed793,more.charity,available,5.99,,high,medium,4,name.com,,,
b81fa316-c5a2-48a2-bb54-20d450ba5f1e,nurse.charity,available,5.99,,high,low,5,name.com,,,
dedb1cac-4637-40f4-ae82-067f874416a3,accusive.charity,available,5.99,40.99,low,low,8,name.com,,,
15253ff4-f661-4e31-9ce9-c5f2e246bc0d,experimentally.charity,available,5.99,,medium,low,14,name.com,,,
f4d68e3e-e7af-444a-9c5f-10b1b887380f,ultimately.charity,available,5.99,,high,low,10,name.com,,,
af31990f-352b-41b5-b347-597acfa37366,beheaded.charity,available,5.99,40.99,medium,low,8,name.com,,,09/08/2026 10:21
ab8f4d99-1053-4938-a8ef-9c172a193cba,intricate.charity,available,5.99,,high,low,9,name.com,,,
450f8d44-073e-405b-ba86-4b57cf28e613,tap.charity,premium,38.94,38.94,high,medium,3,namesilo,,,
02d60eb6-0bb6-4da2-b87d-a4cc4103377b,lace.charity,available,5.99,,high,low,4,name.com,,,
4267b822-b741-4671-914e-c4683deff53b,polygon.charity,available,5.99,,high,low,7,name.com,,,
4d36cfd7-22b7-42bc-89a8-2040500b34fc,anile.charity,available,5.99,40.99,medium,low,5,name.com,,,
34c2608e-c0a8-45f6-9925-14ff1373451c,declining.charity,available,5.99,,high,low,9,name.com,,,
1b1f8a86-35f9-41fb-bce5-86079292b940,fourscore.charity,available,5.99,40.99,high,low,9,name.com,,,
f632f775-9eb3-4312-8549-b5e0a67360c0,attitude.charity,available,5.99,,high,low,8,name.com,,,
cabab89c-c611-4ab7-a15f-d93355fd75a6,laid.charity,available,5.99,,high,low,4,name.com,,,
8d966d7f-9a28-405a-aa3b-19c684a101e4,identifier.charity,available,5.99,,high,low,10,name.com,,,
fdb7130d-8680-4f8f-b787-ff3701a886e1,banked.charity,available,5.99,,medium,low,6,name.com,,,
11045538-2a24-405d-b1fd-ca43dc60977b,wrench.charity,available,5.99,,high,low,6,name.com,,,
209e499a-9f94-4330-b9fa-b2df66fa87a9,troika.charity,available,5.99,40.99,high,low,6,name.com,,,
e6175d7c-3568-47c9-9658-2d174ef43f16,stray.charity,available,5.99,,high,low,5,name.com,,,
a44b9aea-fc2f-4e78-8255-f4db9fe26466,marines.charity,available,5.99,,high,low,7,name.com,,,
56aed1bb-e31b-46e8-8181-a87863aff78d,literally.charity,available,5.99,,high,low,9,name.com,,,
af64f32a-d5a7-4953-a72d-44926a656d50,customize.charity,available,5.99,,high,low,9,name.com,,,
c1447b5e-44b5-422b-8db3-cbf99326a831,savage.charity,available,5.99,40.99,high,low,6,name.com,,,08/08/2026 15:36
48e2975c-a864-4d29-a089-1099304fecc1,page.charity,premium,242,242,high,low,4,namesilo,,,
318e1f28-7b1e-4271-8467-c4ff59adf3ba,armoured.charity,available,5.99,40.99,high,low,8,name.com,,,06/08/2026 20:10
733ab2da-6491-4174-89e1-375f891e1943,intercultural.charity,available,5.99,,high,low,13,name.com,,,
5f35ff59-834c-4930-a1db-cf121a22b6a4,trounce.charity,available,5.99,40.99,medium,low,7,name.com,,,09/08/2026 05:27
a55ae352-81e3-449e-8e50-8284b44adf09,arced.charity,available,5.99,40.99,medium,low,5,name.com,,,06/08/2026 14:28
0d45b4b3-de50-4019-92c1-41d6971b1361,mothafucka.charity,available,5.99,,medium,low,10,name.com,,,
e76f0171-8413-4541-bf32-7709f589aecd,roundabout.charity,available,5.99,40.99,medium,low,11,name.com,,,12/08/2026 08:20
8d1fadca-3ae5-4568-bc26-1baea4abd70f,lxxxi.charity,available,5.99,40.99,medium,low,5,name.com,,,
fd13354c-df8d-469d-a8db-2f9f8655a2de,voter.charity,available,5.99,,high,low,5,name.com,,,
9d221250-b20a-4f45-a896-47c9c873b05c,watt.charity,available,5.99,,high,low,4,name.com,,,
c62e6ede-7afd-47df-8924-4504c25c3880,overall.charity,available,5.99,,high,low,7,name.com,,,
e00866c0-8891-4ed1-8d49-f27a4b56c4d1,examine.charity,available,5.99,,high,low,7,name.com,,,
03c19951-45b6-4033-a9c7-b7efcc16b602,watch.charity,available,5.99,,high,low,5,name.com,,,
955e0f19-9560-4f24-8db4-b11c52795ffa,rump.charity,available,5.99,40.99,medium,low,4,name.com,,,09/08/2026 11:28
7e8d66e2-bb21-4003-86cc-330e4c7f0582,annelidan.charity,available,5.99,40.99,medium,low,9,name.com,,,
648fb216-bdb4-4547-adc5-80c34480145c,technicality.charity,available,5.99,,high,low,12,name.com,,,
3f2984c1-188c-45f5-b7d1-75c13d16c223,uncomplicated.charity,available,5.99,,high,low,13,name.com,,,
e065ec59-2c3f-450c-8ea2-aac084e5b1a5,nephew.charity,available,5.99,,high,low,6,name.com,,,
ec28d720-5b0d-4d27-9fc6-1ebb022468ad,allusive.charity,available,5.99,40.99,high,low,8,name.com,,,
6d127bcc-e406-4081-84b5-e2968b33e50f,humans.charity,available,5.99,,high,medium,6,name.com,,,
8f82ed88-0af7-420e-9280-6858d50227a0,amyloid.charity,available,5.99,40.99,medium,low,7,name.com,,,
0c6838a1-0c4a-4efc-b487-d09dea00778a,environmental.charity,premium,260,260,high,low,13,namecheap,,,
406b66fc-0f10-4e23-9d99-53bf03c7b856,outlander.charity,available,5.99,40.99,high,low,9,name.com,,,
abce5fab-7b88-4f7c-b38c-66a161dc3f21,prickly.charity,available,5.99,40.99,high,low,7,name.com,,,08/08/2026 17:34
c3239fb5-2fd9-4715-a39d-ad3ec962606b,argentic.charity,available,5.99,40.99,medium,low,8,name.com,,,06/08/2026 18:06
3e3ea1ce-1569-42da-a1ba-9f3d4640696c,seemly.charity,available,5.99,40.99,medium,low,6,name.com,,,09/08/2026 06:27
d37b2684-1ab9-4ba1-b776-9d7df098b900,cognisant.charity,available,5.99,40.99,medium,low,9,name.com,,,08/08/2026 00:18
9ff5af07-36dc-4453-829a-fedcad09181a,spanish.charity,available,5.99,,high,low,7,name.com,,,
6acc193b-a146-4713-bac0-96251486f301,laundry.charity,available,5.99,,high,low,7,name.com,,,
c790bb63-09a7-45bf-83d7-618ecdc7e8b8,haywire.charity,available,5.99,40.99,high,low,7,name.com,,,
39ffd25e-c67f-45ab-afda-6e1b49af41f3,day.charity,premium,242,242,high,low,3,namesilo,,,
64f42aee-48a4-4b9b-aedc-75caa662ccd7,fraud.charity,available,5.99,,high,low,5,name.com,,,
4b840e21-20f0-4c3d-99e3-0a55a4e5a0a5,francisca.charity,available,5.99,,high,low,9,name.com,,,
2975b669-dccc-42bc-9c6a-740153189bdb,coefficient.charity,available,5.99,,high,low,11,name.com,,,
4f72ad29-2538-493d-9e10-29a1faeb35bb,sequel.charity,available,5.99,,high,low,6,name.com,,,
dd32ed1d-2d57-4a44-8edd-c08877d1bc7b,adventive.charity,available,5.99,40.99,medium,low,9,name.com,,,
e4e0b63d-ce24-4772-abf9-81148550bb5f,wisdom.charity,available,5.99,,high,low,6,name.com,,,
75f57813-0faf-4820-b104-e32b547dee3c,premium.charity,available,5.99,,high,low,7,name.com,,,
bff681da-f282-48d0-bc32-9962994e8ed7,confuse.charity,available,5.99,,high,low,7,name.com,,,
37144704-3518-4720-bc14-ec5f6ecda5cf,omniscient.charity,available,5.99,40.99,high,low,10,name.com,,,
3b67d749-cacd-4235-beb1-ca4413657026,preserved.charity,available,5.99,,high,low,9,name.com,,,
5c6109cc-9c6e-4153-ad63-2a731d60dee2,missile.charity,available,5.99,,high,low,7,name.com,,,
61e466c2-f35a-48fd-9bab-0fff8be61597,living.charity,premium,242,242,high,low,6,namesilo,,,
68810f6d-a763-4e05-baeb-dac59c15ebea,constantly.charity,available,5.99,,high,low,10,name.com,,,
5ed7e9f0-ba8f-49be-9237-511cb9589c6d,angel.charity,resell,,,high,low,5,"Spaceship, Inc.",21/07/2022 16:18,21/07/2027 16:18,19/09/2026 16:30
f4a08665-4fc0-4857-84e1-a422c4741479,overdue.charity,available,5.99,,high,low,7,name.com,,,
3c4daa78-ba6f-448d-8324-caa474c761b5,organizations.charity,available,5.99,,medium,low,13,name.com,,,
c80252c7-1fc7-4a08-ad7a-88e1178411a8,bowls.charity,available,5.99,,high,low,5,name.com,,,
2797fc6b-ea54-48fb-b9cd-0b6dbc59d565,unfair.charity,available,5.99,,high,low,6,name.com,,,
914fd612-b596-4675-a28e-11a1e44e6a7b,were.charity,available,5.99,,high,low,4,name.com,,,
1bcf5cda-be3e-4e19-aebd-7a57e065ca88,befitting.charity,available,5.99,40.99,medium,low,9,name.com,,,09/08/2026 08:38
452d1b77-0aea-43ec-b6e7-fcb823ad748a,dishwasher.charity,available,5.99,,high,low,10,name.com,,,
414ca80c-d59c-4182-ae39-2ac7a1b5f8d1,uproar.charity,available,5.99,,high,low,6,name.com,,,
d025fa6f-4b86-42bf-8d8c-163a6b343443,award.charity,available,5.99,,high,low,5,name.com,,,
299ff755-2396-4a64-be02-d5eef71adb09,dicks.charity,available,5.99,,medium,low,5,name.com,,,
21b64246-1aec-4670-b887-d9d971745e94,confused.charity,available,5.99,40.99,high,low,8,name.com,,,07/08/2026 12:02
59e094cd-51be-406b-9fb7-b3443d76dcdb,smell.charity,available,5.99,,high,low,5,name.com,,,
26c92b54-b413-4714-a7fa-97dddfccbe67,closely.charity,available,5.99,,high,low,7,name.com,,,
bcfcbb3a-a196-4104-8e84-acb723b6b869,sanctioned.charity,available,5.99,40.99,high,low,10,name.com,,,06/08/2026 09:24
e7e9dc0e-a579-4eeb-aeb9-450d07c8c7e3,confusion.charity,available,5.99,,high,low,9,name.com,,,
23a21c30-5d44-42e2-98b7-01b53729a1e6,fever.charity,available,5.99,,high,low,5,name.com,,,
a939c1ee-8b9e-43d6-8ce9-ba3dda445a89,alto.charity,available,5.99,40.99,high,low,4,name.com,,,
a93cf67c-cb13-4d3f-9be9-0d36a3ddb85c,steak.charity,available,5.99,,high,low,5,name.com,,,
844546d6-02eb-42ad-bad5-ff7d3549cb00,nostrils.charity,available,5.99,,medium,low,8,name.com,,,
8e573615-f323-4ea0-8813-d9403b571d09,snore.charity,available,5.99,,high,low,5,name.com,,,
e835fbcf-2998-4f5f-981e-34bbef6cd2d9,analytic.charity,available,5.99,40.99,high,low,8,name.com,,,
e4090681-dba0-493a-bba0-162f3f2a0931,polish.charity,available,5.99,,high,low,6,name.com,,,
a117da98-2d3e-4add-b922-a115c6e3c07c,galaxy.charity,available,5.99,,high,medium,6,name.com,,,
e6eb72bf-a170-41f2-a785-c45a28404d3a,toll.charity,available,5.99,,high,medium,4,name.com,,,
c46de230-644b-4ed2-819a-fadc9f8024e3,revelatory.charity,available,5.99,40.99,high,low,10,name.com,,,06/08/2026 00:55
0c20040b-12ca-4206-8a80-efbede4d21e7,referable.charity,available,5.99,40.99,medium,low,9,name.com,,,07/08/2026 01:28
c58107a6-bb13-4520-94cd-43add9ad1176,amuse.charity,available,5.99,,high,low,5,name.com,,,
183d3ac6-19f3-4d94-9930-1d5f308c5a09,boat.charity,available,5.99,,high,low,4,name.com,,,
1c93dfce-d6ee-45d4-9e51-c0d253dbcfdb,eliminate.charity,available,5.99,,high,low,9,name.com,,,
5c6be22e-3c6e-4d2c-a163-336c113e0e6a,tails.charity,available,5.99,,high,low,5,name.com,,,
2773d1c6-c082-4a2a-aaad-3f49dbb2c1af,incorrect.charity,available,5.99,,high,low,9,name.com,,,
281e38c3-5e42-47c1-a2e9-26614bf5d1fa,assertive.charity,available,5.99,40.99,medium,low,9,name.com,,,07/08/2026 05:59
d56666b0-8a53-45a9-a05d-4ae027de8e4a,hurry.charity,available,5.99,,high,low,5,name.com,,,
55901ecf-ffe5-48ec-b45b-77ab13d53cb2,buster.charity,available,5.99,,high,low,6,name.com,,,
6494d072-06e6-4e77-b5d5-691ca3540a6a,broaden.charity,available,5.99,,high,low,7,name.com,,,
c1853fac-15af-4682-990d-15551c8ffdd0,use.charity,premium,38.94,38.94,high,low,3,namesilo,,,
dd0da0cb-269e-43d3-8dad-646a4d099ea5,agrestic.charity,available,5.99,40.99,medium,low,8,name.com,,,
645a617c-d9df-4767-93ed-a8dc5fb22b6b,almond.charity,available,5.99,,high,low,6,name.com,,,
47b15ccf-6f9d-4c5b-b5b1-5106e8e51b32,shakira.charity,available,5.99,,high,low,7,name.com,,,
b8625c8d-64a4-4ea9-b091-761492f72094,clicking.charity,available,5.99,,high,low,8,name.com,,,
8b3f1f33-262d-4762-a8ab-ed4a9deec7f8,meddle.charity,available,5.99,,high,low,6,name.com,,,
50b584cc-1572-4206-a6be-bb17cf34792d,cheese.charity,available,5.99,40.99,high,low,6,name.com,,,25/08/2026 07:42
6ffbe585-545c-4edc-8251-61181484f5cb,june.charity,available,5.99,,high,low,4,name.com,,,
bbe92889-ca20-4f64-af68-9a33370cb491,miserable.charity,available,5.99,40.99,high,low,9,name.com,,,
5080db27-868c-4430-b424-ae0247674493,whiteboard.charity,available,5.99,,high,low,10,name.com,,,
3a0953ce-a19b-4158-bee1-23156295461d,expedition.charity,available,5.99,,high,low,10,name.com,,,
28170a15-7e91-4a18-92a8-5d6ad05a82dc,lowering.charity,available,5.99,,high,low,8,name.com,,,
c848acd1-ac09-4db3-9b0e-b0f3398d53bb,nashville.charity,premium,118.8,118.8,high,low,9,namesilo,,,
7fbc35e4-a5bc-45da-b3e5-b5f7f9a169e9,rod.charity,premium,41.25,,high,low,3,name.com,,,
e87ff9b2-1003-4013-9c3d-1973008215dc,burly.charity,available,5.99,40.99,medium,low,5,name.com,,,09/08/2026 07:54
e852faa3-debb-425d-b841-9145aee6745f,brass.charity,available,5.99,,high,low,5,name.com,,,
5ed65a30-3fc6-4a69-b8ae-0021d4ac9571,briary.charity,available,5.99,40.99,medium,low,6,name.com,,,08/08/2026 17:02
f8378705-15c7-4ae6-9fd6-77537ef631f7,powered.charity,available,5.99,,high,low,7,name.com,,,
a7c76a77-4546-42f8-a5da-429b8fedea04,francesca.charity,available,5.99,,high,low,9,name.com,,,
6439273a-d95d-458a-9f82-d91d14fd9be8,fell.charity,available,5.99,40.99,high,low,4,name.com,,,08/08/2026 15:49
8dcd3acc-6131-448f-add4-7961fc70feb7,taylor.charity,available,5.99,,high,low,6,name.com,,,
d1f6fc64-9e79-4f09-8222-649ad0542fca,sensitive.charity,available,5.99,,high,low,9,name.com,,,
e018bea4-ed1e-4760-a2f1-bd1a0787c612,sup.charity,premium,41.25,,high,low,3,name.com,,,
6ea7c99a-1f7e-413f-8419-3dce18c8dc07,anachronic.charity,available,5.99,40.99,medium,low,10,name.com,,,
461cc507-b9a9-4e07-9bdc-204fd2ea30fc,lii.charity,premium,38.94,38.94,high,low,3,namesilo,,,
6f196e80-0a52-4415-afea-37454b8b48df,hanger.charity,available,5.99,,high,low,6,name.com,,,
59c347b3-9ca2-4aae-a8b4-9515cb65b3f8,crossroads.charity,available,5.99,,high,low,10,name.com,,,
a39da580-9e6a-4b4c-a898-21d1e0880790,supportive.charity,available,5.99,,high,low,10,name.com,,,
d770c7f2-a052-44f4-8ef4-991594991aa9,bagdad.charity,available,5.99,,medium,low,6,name.com,,,
bf12698c-f014-46a0-8b1d-9fb12a4826e2,lip.charity,premium,38.94,38.94,high,low,3,namesilo,,,
9d3b8c0b-07d1-4645-9f2e-0d8d3d49b24f,nun.charity,premium,38.94,38.94,high,low,3,namesilo,,,
85db433f-bedb-4dbd-8c1e-6a49e306f6e2,dilemma.charity,available,5.99,,high,low,7,name.com,,,
5ee568ad-0d35-4e33-b3d5-cbafcedc7c16,clam.charity,available,5.99,,high,low,4,name.com,,,
95c7bf1f-7d43-4297-b0a2-b999ed7aaae4,moscow.charity,premium,242,242,high,low,6,namesilo,,,
2a8cf4a9-272d-41a3-a4d4-9cb1d06b215b,anomalous.charity,available,7.48,37.98,high,low,9,namecheap,,,
a6ca4d00-7130-41cf-aa91-55faa5bf9a99,version.charity,available,5.99,,high,low,7,name.com,,,
d4139002-06d5-4729-807c-459f38c04840,decide.charity,available,5.99,,high,low,6,name.com,,,
1e214e4d-e9ff-4e1b-9fc4-c359c5bfce96,james.charity,available,5.99,,high,medium,5,name.com,,,
c298505f-e93f-4cd6-a9f4-1b761ae7494d,aleatory.charity,available,5.99,40.99,medium,low,8,name.com,,,
7315f254-ee86-4f1b-8d77-64e33fe0dd41,speak.charity,available,5.99,,high,low,5,name.com,,,
77b19b47-5f68-49da-917a-b92bdf495418,plush.charity,available,5.99,,high,low,5,name.com,,,
f81bd4b5-42b4-4758-84ba-0af8359d285c,kick.charity,available,,,high,low,4,,,,
75bb6c27-9927-472d-9717-0fc543c8b054,pestilent.charity,available,5.99,40.99,medium,low,9,name.com,,,08/08/2026 12:06
3fdff469-1ff6-4db7-86aa-dd7779d69fbd,pitted.charity,available,5.99,40.99,medium,low,6,name.com,,,
7aaceb23-4350-4686-96bd-3292e4b75ee1,unending.charity,available,5.99,40.99,high,low,8,name.com,,,
341647b7-2e9a-47e7-a56d-882ae6782bdb,fervent.charity,available,5.99,40.99,high,low,7,name.com,,,06/08/2026 16:14
5d534f34-a578-4850-89a8-71de686e7f9d,lowered.charity,available,5.99,,high,low,7,name.com,,,
e2bf594d-3c00-4027-a65b-a32496607bdb,poll.charity,available,5.99,,high,low,4,name.com,,,
a98c7347-c239-4bc1-98e6-619feedea83e,evacuate.charity,available,5.99,,high,low,8,name.com,,,
f9abe067-6aee-4d74-83f1-c14bdb70894e,wired.charity,available,5.99,,high,low,5,name.com,,,
3e003d66-1039-4701-bd62-bc492874273e,airlike.charity,available,5.99,40.99,high,low,7,name.com,,,
1dd4ebab-4829-46ef-94fd-a4348ae82f14,babe.charity,available,5.99,,high,low,4,name.com,,,
bdb4abac-da34-4a11-a50b-e9fba6236cf8,selfworth.charity,available,5.99,,high,low,10,name.com,,,
1e187cc0-4b30-4aa9-b75d-69aa145843e4,nicki.charity,available,5.99,,high,low,5,name.com,,,
3306001b-9b55-450a-912e-177a4d6827ca,recognition.charity,available,5.99,,high,low,11,name.com,,,
d7d5717e-40b3-4077-b8de-3b06c8be80ef,expire.charity,available,5.99,,high,low,6,name.com,,,
16c14ae6-9f28-4706-880a-3754bf4fd6e6,modeller.charity,available,5.99,,high,low,8,name.com,,,
d7978bd0-b8a8-4318-9873-b63ec3d60dca,aug.charity,premium,38.94,38.94,high,low,3,namesilo,,,07/08/2026 17:10
b4f66f8b-eb36-4a6b-8f25-0df5b791fbdd,cocktail.charity,available,5.99,,high,low,8,name.com,,,
50341a7b-d2fe-4fb5-ac48-a45147a84abb,apneic.charity,available,5.99,40.99,medium,low,6,name.com,,,06/08/2026 00:40
aa7deb8c-d378-4f13-b066-d1bc3570d838,digitally.charity,available,5.99,,high,low,9,name.com,,,
ba93effb-fe50-48d6-81e0-f0aeee7525af,unpaid.charity,available,5.99,40.99,high,low,6,name.com,,,
ce7e8432-5bf8-4f95-b3c0-7db398d63200,budget.charity,available,5.99,,high,low,6,name.com,,,
724d03e5-be3e-41d2-8127-39ca4bb49b1c,prominent.charity,available,5.99,,high,low,9,name.com,,,
9e43b378-3bc6-4eb9-9fb7-3dac33fe65a4,wound.charity,available,5.99,,high,low,5,name.com,,,
1e3fb89a-2acf-4361-a8dc-0bb57282c218,multiplayer.charity,available,5.99,,high,low,11,name.com,,,
d482fb8e-b25a-45a0-a5cc-59d417e2aaa0,alaskan.charity,available,5.99,40.99,high,low,7,name.com,,,
d0ae0d25-1282-4eb7-b1de-6a2f2de7d1d4,luxury.charity,available,5.99,,high,low,6,name.com,,,
0958a981-5111-4f81-817b-8f7764614fa3,sestet.charity,available,5.99,40.99,medium,low,6,name.com,,,
458ca480-8d3b-4da8-8b50-ba9b125f4bba,chemistry.charity,available,5.99,,high,low,9,name.com,,,
2dae8bd4-a003-4b39-8818-f991eb51dd25,requested.charity,available,5.99,,high,low,9,name.com,,,
c81762bd-241b-49f9-9d4d-46fca3a1b7fc,stygian.charity,available,5.99,40.99,medium,low,7,name.com,,,
88b5503b-bbfc-4e16-a11c-b39614859be5,supper.charity,available,5.99,,high,low,6,name.com,,,
f28706ad-80d8-45d7-993a-a7bf3489b7a9,aeriform.charity,available,5.99,40.99,medium,low,8,name.com,,,
56a3ff79-5574-4d0e-9b36-aa1e16af3ac0,fifteenth.charity,available,5.99,40.99,high,low,9,name.com,,,
d2e5a903-e419-4fa0-98ba-c7d30aaa3925,visitor.charity,available,5.99,,high,low,7,name.com,,,
e2d9c8a8-7c43-493f-8463-a0871659bb8d,stops.charity,available,5.99,,high,low,5,name.com,,,
01bc0187-486f-4b92-ac1c-130f312a7805,carsick.charity,available,5.99,40.99,medium,low,7,name.com,,,
266aaeb6-9156-46f4-8e04-ee94dac898ff,agamic.charity,available,5.99,40.99,medium,low,6,name.com,,,
2d06f658-1bb2-4854-a05b-4235e5b6f7bf,yawn.charity,available,5.99,,high,low,4,name.com,,,
5ab6b632-2d51-426c-82fd-aed84445a29a,ancillary.charity,available,5.99,40.99,high,low,9,name.com,,,
16566576-272c-49c3-a33e-b297b3c3a4a1,arum.charity,available,5.99,40.99,medium,low,4,name.com,,,06/08/2026 20:20
165de755-ec43-45f0-8eb4-cea24dc77de0,palliative.charity,available,5.99,40.99,high,low,10,name.com,,,
854bfaeb-2d1e-48e2-a2da-8c33b55ab210,eyewitness.charity,available,5.99,,high,low,10,name.com,,,
12f91fe3-0502-4bdc-b260-0260c2167bac,termination.charity,available,7.48,37.98,high,low,11,namecheap,,,04/09/2026 07:49
f230ece4-8f1f-4d72-990f-4c1fa49d8d9c,messy.charity,available,5.99,,high,low,5,name.com,,,
16645867-55b7-4110-affc-5a9b3e4786b5,consulting.charity,available,5.99,,high,low,10,name.com,,,
cbff6936-a576-4cda-b808-9cf7c5053250,merit.charity,available,5.99,,high,low,5,name.com,,,
2ef43261-d759-45ea-b7af-27c5a4454855,altered.charity,available,5.99,40.99,high,low,7,name.com,,,
9fd7d6d5-c928-40c4-a931-9f3b24f3c01b,rheumatic.charity,available,5.99,40.99,medium,low,9,name.com,,,06/08/2026 23:05
128c8a88-4dce-4fad-b136-65ac8b2c7630,pricing.charity,available,5.99,,high,low,7,name.com,,,
6a1f1b00-f374-4ceb-9b26-eb8f32e2ff02,mosquito.charity,available,5.99,,medium,low,8,name.com,,,
4a5b1568-8f52-4f5a-ba67-2c2c4261403b,negotiable.charity,available,5.99,40.99,medium,low,10,name.com,,,07/08/2026 06:30
69f8a5c0-b19b-47a3-ae06-4db97efaacf8,dining.charity,available,5.99,,high,low,6,name.com,,,
34c43b7c-3386-46a3-b786-dcdaf9bae110,inconsistent.charity,available,5.99,,medium,low,12,name.com,,,
62ce7085-67aa-4237-8521-313da1b2b620,grabby.charity,available,5.99,40.99,medium,low,6,name.com,,,07/08/2026 21:58
97356020-a910-42de-90ec-08a0dfe4080c,valid.charity,available,5.99,,high,low,5,name.com,,,
e6380187-29b2-4213-894c-c0ef9a66bbe1,clxx.charity,available,5.99,40.99,medium,low,4,name.com,,,
9ca01ada-1737-4318-9531-6a06a5e51d75,madison.charity,premium,118.8,118.8,high,low,7,namesilo,,,08/09/2026 13:09
e3949fa9-23fa-4b3d-80af-6352deb60bd1,belittling.charity,available,5.99,40.99,medium,low,10,name.com,,,09/08/2026 13:10
09c66911-aef9-4d8a-b995-92757f4ae28e,derriere.charity,available,5.99,40.99,low,low,8,name.com,,,09/08/2026 11:55
25477e63-19ad-444a-8f31-c7f8d26121ce,power.charity,resell,5.99,,high,medium,5,Porkbun LLC,24/03/2026 13:16,24/03/2027 13:16,08/09/2026 07:25
7f0c6c1e-5653-4fdf-b16f-5ab7ea08a147,approving.charity,available,5.99,40.99,high,low,9,name.com,,,06/08/2026 08:49
108732ab-6a7a-4f3f-8fbc-809bb0e00203,jewel.charity,available,5.99,,high,low,5,name.com,,,
8719c8be-9cd4-4f93-a371-09237cae5e28,ambulant.charity,available,5.99,40.99,high,low,8,name.com,,,
9dd7cc66-c157-49b9-8f88-404772297047,seoul.charity,premium,242,242,high,low,5,namesilo,,,
6c668535-8449-46ed-b357-0dff93a1f69d,anagram.charity,available,5.99,,high,low,7,name.com,,,
44c73f2a-f9a7-4a0d-9940-1fba2c28b8e5,safety.charity,premium,242,242,high,low,6,namesilo,,,08/09/2026 08:04
d703e74a-f4ef-4b4f-92e9-dab41304c981,applaud.charity,available,5.99,,high,low,7,name.com,,,
054a991a-f8b9-4cd9-9cf0-e5377bdc26d6,violated.charity,available,5.99,,medium,low,8,name.com,,,
b60c3578-d5e4-4bed-9e17-12567a342414,nash.charity,available,5.99,,high,low,4,name.com,,,
b617c461-a147-4208-8771-fb2b72ab15d9,sip.charity,premium,38.94,38.94,high,low,3,namesilo,,,
3c53dd7c-64e8-4903-888f-523a280ee0f0,solvable.charity,available,5.99,,high,low,8,name.com,,,
6ae4c663-f2fb-4422-a183-e498687d190f,ascendable.charity,available,5.99,40.99,medium,low,10,name.com,,,07/08/2026 00:35
b0a3e1c6-0194-4e68-8039-1b6cf49cfed6,dispose.charity,available,5.99,,high,low,7,name.com,,,
7892e654-e959-49d7-84b1-256be023134a,human.charity,resell,,,high,medium,5,"Spaceship, Inc.",19/09/2018 16:00,19/09/2026 16:00,
603c0cb4-beb5-4330-bf50-6ffe85a54dbd,punch.charity,available,5.99,,high,low,5,name.com,,,
88202870-923e-456a-9810-645e1c019836,nitric.charity,available,5.99,40.99,medium,low,6,name.com,,,08/08/2026 02:58
1c4c82d0-7591-4855-bd00-fc836b05021e,flaring.charity,available,5.99,40.99,high,low,7,name.com,,,
1dba01b0-da0f-43c8-8c12-f371264a8050,restructure.charity,available,5.99,,high,low,11,name.com,,,
1846baa4-af03-456a-9876-5a6790de71be,agential.charity,available,5.99,40.99,medium,low,8,name.com,,,
f167c7ae-8c36-4492-addf-c70f93a557db,souse.charity,available,5.99,40.99,medium,low,5,name.com,,,
688f6aed-d622-43cd-8a54-9b9e2b577c56,theirs.charity,available,5.99,,medium,low,6,name.com,,,
62995e5f-4364-48e4-9632-9559add8f55f,citizen.charity,available,5.99,,high,low,7,name.com,,,
35056795-f080-41da-b75e-78a2c8c161df,badness.charity,available,5.99,40.99,medium,low,7,name.com,,,08/08/2026 07:23
6231c76d-48c1-40b7-9c25-56520338b9ff,aboral.charity,available,5.99,40.99,medium,low,6,name.com,,,
68d446d6-c173-452b-b5cb-f9bfb2965797,briefing.charity,available,5.99,,high,low,8,name.com,,,
f94bf32a-2fd7-46c6-84de-8c888d567d25,vanquish.charity,available,5.99,40.99,high,low,8,name.com,,,09/08/2026 05:32
26bb5b54-6656-445f-ae0f-591eb2639a07,pleasure.charity,available,5.99,,high,low,8,name.com,,,
bc708d9d-9145-4ea1-a47b-8c1bc2645681,toddler.charity,available,5.99,,high,low,7,name.com,,,
75222a4c-6ab5-4414-8d50-f521bd2b46a0,headline.charity,available,5.99,,high,low,8,name.com,,,
d97e0ff9-23c2-4de1-8b72-6d62a270d9a2,twine.charity,available,5.99,,high,low,5,name.com,,,
592243c3-c7ef-49de-a078-a19acd21c347,desktop.charity,available,5.99,,high,low,7,name.com,,,
34198d0c-b88a-41eb-b251-ef3683a8bfbe,legend.charity,available,5.99,,high,low,6,name.com,,,
64ea9ca2-8e7a-41f1-8f7b-33ddcc173957,phoebe.charity,available,5.99,40.99,medium,low,6,name.com,,,
7e025834-897b-4822-a260-c0cdd8bda322,ternion.charity,available,5.99,40.99,medium,low,7,name.com,,,
37ec2975-ee83-48f0-838a-14eabfca227f,allegretto.charity,available,5.99,40.99,high,low,10,name.com,,,
f1769728-19c3-464a-87d7-169c4323e9ce,arco.charity,available,5.99,40.99,high,low,4,name.com,,,06/08/2026 16:02
6efc1526-63e9-496f-bcc6-d0d42402360e,pompom.charity,available,5.99,40.99,high,low,7,name.com,,,
17cf0a2e-954e-434f-8069-144987ee1d2b,finalize.charity,available,5.99,,high,low,8,name.com,,,
fd3c48a4-0149-4998-9e05-8f7546209988,stepson.charity,available,5.99,,high,low,7,name.com,,,
e5cefdd9-6643-4c3a-a9fa-647fff8efaf6,surfboard.charity,available,5.99,,high,low,9,name.com,,,
e96527bb-52b7-4218-8511-1da8b5de7e34,acronymous.charity,available,5.99,40.99,medium,low,10,name.com,,,
7f8b4c69-5d1a-40d8-aa19-c8b864f03e05,objects.charity,available,5.99,,medium,low,7,name.com,,,
2e7861da-c9de-4d9e-b2fc-604ba03fd9ac,carriage.charity,available,5.99,,high,low,8,name.com,,,
7b80de2f-f6c7-42e0-bc65-470581ce7b57,ahorseback.charity,available,5.99,40.99,medium,low,10,name.com,,,
6ceec991-8870-4497-ac43-876aa871d0a4,experienced.charity,available,5.99,,high,low,11,name.com,,,
228932b1-724b-45f3-a05f-0962a942be44,would.charity,available,5.99,,high,low,5,name.com,,,
87509195-1989-49ee-95c8-a86ce827f8f8,pilot.charity,available,5.99,,high,low,5,name.com,,,
088dbf8b-3c9c-4057-a110-a7d57a59ea3d,djia.charity,available,5.99,,high,low,4,name.com,,,
26f56579-d0df-437c-a2ad-e64e68d93fb0,rough.charity,available,5.99,40.99,high,low,5,name.com,,,06/08/2026 09:39
271e2dd2-e83f-439b-84e5-28f47b2baf58,antidotal.charity,available,5.99,40.99,medium,low,9,name.com,,,
8088920b-2ff6-4f43-9c32-bd679bd61fbf,moving.charity,available,5.99,,high,low,6,name.com,,,
31244f7c-a8bd-4a09-896f-120e1e376688,pregnant.charity,available,5.99,,high,low,8,name.com,,,
3178c0c4-8520-43e6-923f-a5b53441367b,polo.charity,available,,,high,low,4,,,,
6b35fa9c-07d4-41d5-ae44-13339ebaf428,driver.charity,available,5.99,,high,low,6,name.com,,,
a0dee7ea-1928-40e9-a98c-c65893b07b89,zen.charity,premium,38.94,38.94,high,medium,3,namesilo,,,
70dd70ce-19b1-4534-9d00-d396484b60eb,monopoly.charity,available,5.99,,high,low,8,name.com,,,
97e529fc-fe6c-404d-986e-0d471c498ee6,secondary.charity,available,5.99,,high,low,9,name.com,,,
0fc1c8b0-6409-4442-b9b3-bef05576a2be,buck.charity,available,5.99,,high,low,4,name.com,,,
bab42e35-d4e4-46b4-a421-7812b1714b36,ancestor.charity,available,5.99,40.99,high,low,8,name.com,,,
590257ca-6c80-4cae-850b-050e1858164b,bash.charity,available,5.99,,high,low,4,name.com,,,
07bb650a-e978-4881-9402-2e98924926f6,anniversary.charity,available,5.99,,high,low,11,name.com,,,
c0119745-1402-4fdc-9bc2-0c36ebcf36ce,possible.charity,available,5.99,,high,low,8,name.com,,,
edb3f6c7-4964-40f4-8244-49147f7a1d5e,allocate.charity,available,5.99,,high,low,8,name.com,,,
726c2fc7-90e0-40c9-968d-44d62474e5b3,class.charity,available,5.99,,high,low,5,name.com,,,
f8922d07-55ef-4422-8154-9fc71f6a0a40,ahuh.charity,available,5.99,,high,low,4,name.com,,,
0182d124-4aff-46c0-99ec-5a7c881edd43,basket.charity,available,5.99,,high,low,6,name.com,,,
7860ba51-7d6d-42ee-a3b2-8f5147ebc5e6,squint.charity,available,5.99,40.99,high,low,6,name.com,,,07/08/2026 03:15
173f40ba-4183-4ea0-af13-8ad5dd235080,inexpensive.charity,available,5.99,,high,low,11,name.com,,,
b9f1cff7-948d-44c3-97ef-07e030e3c671,burry.charity,available,5.99,40.99,medium,low,5,name.com,,,08/08/2026 17:29
c315ca87-fbe3-424f-bf22-6611239bed23,expose.charity,available,5.99,,high,low,6,name.com,,,
642ba260-3077-46df-acb4-bd4a913c2730,come.charity,available,14.99,23.99,high,low,4,namesilo,,,24/09/2026 20:38
14dbf57a-7c7f-450b-bb63-bca7e25a6b19,altissimo.charity,available,5.99,40.99,medium,low,9,name.com,,,
b0d45c04-6eeb-4bc4-b688-ab077ac69f4b,ache.charity,available,5.99,40.99,high,low,4,name.com,,,
bbcf9e7d-70a4-4d13-84d1-c071ae4b4758,rang.charity,available,5.99,,medium,low,4,name.com,,,
6583aa2b-7bc5-4cda-90ec-56ef32c1007d,background.charity,available,5.99,,high,low,10,name.com,,,
e23fd8b7-0a44-4da1-b59c-546b42044aed,sparkly.charity,available,5.99,40.99,high,low,7,name.com,,,
d3df9ede-f144-45a8-adaa-25bd40c3d1e4,xxviii.charity,available,5.99,40.99,medium,low,6,name.com,,,
1089ccbf-cc40-4cc8-9240-5d47183783a6,foul.charity,available,5.99,40.99,high,low,4,name.com,,,
7a1993fe-bbf8-40d3-96b8-5d75cb11e9f0,fla.charity,premium,38.94,38.94,high,low,3,namesilo,,,
da5ae06b-cae2-4033-bce1-d6d5ff6b8e98,msg.charity,premium,41.25,,high,low,3,name.com,,,
6463aa40-e522-48e4-bfa4-fc772967ee0a,blessing.charity,available,5.99,40.99,high,low,8,name.com,,,06/08/2026 09:29
a52d0f9f-5707-4acf-b1c5-aa3993cedaf1,philippines.charity,available,,,high,low,11,,,,
4a73f403-0479-48fd-bed7-3f927d3f078b,music.charity,available,5.99,,high,medium,5,name.com,,,
68923a16-26d9-42b7-83d5-98cf75e2be92,listed.charity,available,5.99,,high,low,6,name.com,,,
35af9891-843f-4d3d-aa80-def184db7b11,cotton.charity,available,5.99,,high,low,6,name.com,,,
c716128b-3cfc-4a78-bc4e-37acffd38013,anybody.charity,available,5.99,,medium,low,7,name.com,,,
581b764b-57e0-4ac4-969e-10ba6a005650,sneeze.charity,available,5.99,,high,low,6,name.com,,,
a89e12af-37de-4854-9926-fcdcb56f18a0,recent.charity,available,5.99,,high,low,6,name.com,,,
207ea76a-5be6-408f-87ce-1362c5bbc157,motley.charity,available,5.99,40.99,medium,low,6,name.com,,,07/08/2026 07:29
2d663f56-846c-46a0-aaa6-3c8edb52db18,attempt.charity,available,5.99,,high,low,7,name.com,,,
82bfe79f-3cf6-4d9d-a73e-81efcdbca44e,dizzy.charity,available,5.99,40.99,high,low,5,name.com,,,
75a5aa6d-2564-47ec-9485-917053238809,asunder.charity,available,5.99,40.99,medium,low,7,name.com,,,07/08/2026 10:20
9eca6ae6-e3e6-42c2-915b-3b2fb1f80787,pasta.charity,available,5.99,,high,low,5,name.com,,,
0995c512-2f7f-4dcd-b889-cc5209a38191,woody.charity,available,5.99,40.99,high,low,5,name.com,,,06/08/2026 13:08
d4d23cc0-eae9-4495-a434-e6c99e59bf93,postoffice.charity,available,5.99,,high,low,11,name.com,,,
393963d1-285a-4771-bb99-f6073f742be4,amebous.charity,available,5.99,40.99,medium,low,7,name.com,,,
97453dc1-426d-4ff7-9f31-7d9d901ebfe1,hans.charity,available,5.99,,high,low,4,name.com,,,
e7718711-ce60-43fa-8d3b-a4f37f7055ca,generally.charity,available,5.99,,high,low,9,name.com,,,
c0376448-74d1-4217-a7bc-527192051c26,primary.charity,available,5.99,,high,low,7,name.com,,,
3fdfb881-6072-4159-b7ef-5a4ab1f662e0,charleston.charity,premium,118.8,118.8,high,low,10,namesilo,,,
21773677-e494-46a6-8092-0ac6db851f97,decay.charity,available,5.99,,high,low,5,name.com,,,
64cbae45-271d-4103-87a5-84cdcbdf8905,shrek.charity,available,,,high,low,5,,,,
76323df2-53d8-4451-9c1a-53bafffe8f5e,limo.charity,available,5.99,,high,low,4,name.com,,,
823a5cae-ad28-497b-8350-610ebd3fcb34,axenic.charity,available,5.99,40.99,medium,low,6,name.com,,,08/08/2026 01:51
16567fac-894d-4bf6-a21c-1b1e9892de5e,philly.charity,available,5.99,,high,low,6,name.com,,,
e59dca2a-80d7-44c2-a503-9010fc5c0718,abject.charity,available,5.99,40.99,high,low,6,name.com,,,
a5c02bfc-b9d2-4f50-adc4-196c435b3a11,standardize.charity,available,5.99,,high,low,11,name.com,,,
6b66193e-7a8c-45f8-a590-9bfe89d8e386,syndrome.charity,available,5.99,,high,low,8,name.com,,,
0a2bac86-0d31-4b5e-b34a-fab73c8ae514,everbody.charity,available,5.99,,medium,low,8,name.com,,,
db13049f-130b-4e35-b476-53cffcb2f0d9,batwing.charity,available,5.99,40.99,medium,low,7,name.com,,,09/08/2026 01:49
e545154f-0bfc-47cf-a2f9-d1f76d5c62a9,diving.charity,available,5.99,,high,low,6,name.com,,,
874f8a20-25a8-404a-80db-48ffd7eae10e,pretending.charity,available,5.99,,high,low,10,name.com,,,
d95c7b90-02fc-44d2-a4e8-fe4058772317,bowed.charity,available,5.99,40.99,high,low,5,name.com,,,06/08/2026 14:55
a1c81310-579e-4423-bc09-15757cd07463,although.charity,available,5.99,,medium,low,8,name.com,,,
d1a6ab71-b8d7-401c-9f86-d90a01042748,awarding.charity,available,5.99,,high,low,8,name.com,,,
21a941e0-ac1f-422f-8c79-8bf05c6f2607,condense.charity,available,5.99,,high,low,8,name.com,,,
52496f85-1b64-479a-981c-984582daa6bb,scurrilous.charity,available,5.99,40.99,medium,low,10,name.com,,,
a0636193-fdf4-4450-b44f-bc10ebf927b5,remington.charity,available,5.99,,high,low,9,name.com,,,
1ac7fe32-ec8f-4203-bed5-8d8750dc8726,pending.charity,available,5.99,,high,low,7,name.com,,,
ff12d3d1-92ab-492e-a5e3-66034d0a1117,tree.charity,available,5.99,,high,low,4,name.com,,,
4185a76e-ee01-4f4c-b92d-ffe20abb1ffd,gotten.charity,available,5.99,,high,low,6,name.com,,,
f5dc04ab-f3ae-441b-9c50-f50ac1bda1ea,matisse.charity,available,5.99,,high,low,7,name.com,,,
cde26311-300d-4db5-9452-c4f830f85895,index.charity,available,5.99,,high,medium,5,name.com,,,
d89d92d5-cc45-4b04-820c-720b7bec6a80,broadly.charity,available,5.99,,high,low,7,name.com,,,
04a2d6a5-f319-4227-b4d8-7a16e0690885,graphics.charity,available,5.99,,high,low,8,name.com,,,
8403902f-1185-4340-9ef2-ef0fb7959fd6,whopping.charity,available,5.99,40.99,high,low,8,name.com,,,08/08/2026 13:14
ab246dd2-5085-4435-9a78-edf62b3d8345,gusto.charity,available,5.99,,high,low,5,name.com,,,
e780e5fd-c07a-44d0-b489-8ec625802bdd,abenaki.charity,available,5.99,40.99,high,low,7,name.com,,,
682d2ab1-1228-4e55-b986-1a7d3fe293c6,victim.charity,premium,242,242,high,low,6,namesilo,,,
b098fcb9-4b51-4120-ad60-48f28b8c322f,almighty.charity,available,5.99,40.99,high,low,8,name.com,,,
80c5451f-b63a-4b06-87bf-988b7746308f,fitness.charity,premium,260,260,high,low,7,namecheap,,,
64b31755-11b1-4070-847f-d18c9409cfb4,astound.charity,available,5.99,,high,low,7,name.com,,,
08816976-4cbe-498d-8573-8ed27deb73d8,offstage.charity,available,5.99,40.99,high,low,8,name.com,,,08/08/2026 06:14
887d18e9-5e7c-424c-a664-253ff204b4b1,thank.charity,available,5.99,,high,low,5,name.com,,,
b9ca6a3c-edab-4aaf-8060-971350f76a87,restaurant.charity,available,5.99,,high,low,10,name.com,,,
f2b8619b-080e-4f7b-8d0d-433167cc68f2,untrustworthy.charity,available,5.99,,medium,low,13,name.com,,,
444cdb29-da7d-458f-8335-3bc4db49827d,absence.charity,available,5.99,,high,low,7,name.com,,,
2927f3e6-bcba-42af-b39b-c42c9e3ac3cd,shakespeare.charity,available,5.99,,high,low,11,name.com,,,
b86cbe6e-84c1-4808-8746-014299a25995,lp.charity,premium,242,242,high,low,3,namesilo,,,
e1ae6673-9267-4b80-94ba-51a5a0ecea2b,acne.charity,available,5.99,,high,low,4,name.com,,,
3e326328-58e4-493d-9458-59df0f69c2ec,keys.charity,available,5.99,,high,medium,4,name.com,,,
fbaf5111-caab-4ad4-bb8c-0ba6539dfdd6,los.charity,premium,41.25,,high,low,3,name.com,,,
4b5ae24e-60e8-4089-8a4d-4be8268b4b43,believe.charity,available,5.99,,high,low,7,name.com,,,
76ad5506-1d1e-4167-b9c4-081f0de718dc,she.charity,premium,38.94,38.94,high,low,3,namesilo,,,
87a7f5d1-7c0c-4e74-a4be-fbe342088e00,provisions.charity,available,7.48,37.98,high,low,10,namecheap,,,08/09/2026 08:15
384432f4-2670-4e45-ae52-82761f278a96,endorse.charity,available,7.48,37.98,high,low,7,namecheap,,,08/09/2026 09:45
c9b8883f-e36f-4785-826e-7a0f7792db5c,swiftly.charity,available,5.99,,high,low,7,name.com,,,
1e4d985c-551a-413e-a0c4-6219f4b70f58,saucepan.charity,available,5.99,,high,low,8,name.com,,,
215afe28-9629-44d5-96ef-29ce7b9a69c3,talk.charity,available,5.99,,high,low,4,name.com,,,
a3d4e0a6-f064-4784-a094-92e49ed2be24,plentiful.charity,available,5.99,,high,low,9,name.com,,,
41d81e29-4699-44b7-b239-7d60b55562f0,country.charity,available,5.99,,high,low,7,name.com,,,
9b76dd23-b59d-4ce6-9419-1b83a1f877f1,want.charity,available,5.99,,high,low,4,name.com,,,
2afb4626-0bab-4330-bdd4-23c6f6d5f648,potato.charity,available,5.99,,high,low,6,name.com,,,
4998249f-f321-4170-b7fc-7ba8a740b653,coffeeman.charity,available,5.99,,high,low,9,name.com,,,
c8572fa0-ba3f-4d03-9463-9bb39d68a430,vague.charity,available,5.99,,high,low,5,name.com,,,
b1215018-f25d-46a3-b118-9f7c7525ddeb,successful.charity,available,5.99,,high,low,10,name.com,,,
a36a17e4-adf2-497d-97ef-74093e246648,attachment.charity,available,5.99,,high,low,10,name.com,,,
3aba8a32-97d2-44a2-99f6-1459f6481403,bang.charity,available,7.48,37.98,high,low,4,namecheap,,,24/09/2026 20:32
019bf0d1-d526-4361-8464-0731f6a853fa,tradition.charity,available,5.99,,high,low,9,name.com,,,
815aa7f7-1786-47c3-95db-a75db3df6872,covenant.charity,available,5.99,,high,low,8,name.com,,,
7b5d1b13-3d48-40af-8701-287e6afb7067,eat.charity,premium,242,242,high,low,3,namesilo,,,
2c6023f1-65c8-4877-893b-88c68cb90dbc,present.charity,available,5.99,,high,low,7,name.com,,,
d1de6f56-9639-44fc-8e28-b54742bf4836,batrachian.charity,available,5.99,40.99,medium,low,10,name.com,,,05/08/2026 20:53
30da0344-1326-43e9-bdb1-555734964732,acoustical.charity,available,5.99,40.99,medium,low,10,name.com,,,
6ef52251-0a20-4d4c-a7b8-f844757dbbbc,wine.charity,premium,242,242,high,low,4,namesilo,,,
2cbf9bc7-f423-408c-b23c-49757d8fac80,shorts.charity,available,5.99,,high,low,6,name.com,,,
52297a8e-df70-4b7f-935c-493b6d1b2843,mike.charity,available,5.99,,high,medium,4,name.com,,,
006e3f75-ecfe-4b14-8171-168f6002ae19,mini.charity,available,5.99,,high,medium,4,name.com,,,
09bd227a-e485-48ac-abc0-577efc53e8d7,sunbelt.charity,available,5.99,,high,low,7,name.com,,,
690e9d62-4d03-47a3-a3f5-fe8ddc33613e,basement.charity,available,5.99,,high,low,8,name.com,,,
be577bbb-eb9a-4f82-80bb-d8edf77445d4,aberdonian.charity,available,5.99,40.99,medium,low,10,name.com,,,
136b986b-959c-4a9e-8832-1f308cfdbc50,apodous.charity,available,5.99,40.99,medium,low,7,name.com,,,06/08/2026 01:21
4c92ced6-54da-4f54-92c2-4562e41d66c6,intriguing.charity,available,5.99,,high,low,10,name.com,,,
3b69a823-ed2d-4868-9c6a-7012987940c5,labor.charity,available,5.99,,high,low,5,name.com,,,
fa24d882-ade2-4158-a6a7-c6540e9f7841,condolence.charity,available,5.99,,high,low,10,name.com,,,
3e13a8d9-91a9-4927-845f-0eaf24cff9e3,lawless.charity,available,5.99,40.99,medium,low,7,name.com,,,
9d004aaf-b610-44df-8819-19536771cbd1,salad.charity,available,5.99,,high,low,5,name.com,,,
0529333e-0843-4d48-b1de-dd3f40341343,barometric.charity,available,5.99,40.99,medium,low,10,name.com,,,08/08/2026 20:06
409cfaf6-27e0-43ed-8e71-0c839c647f56,way.charity,premium,41.25,,high,low,3,name.com,,,
8428e2c5-0c6d-4290-be70-f3c9d6929811,height.charity,available,5.99,,high,low,6,name.com,,,
9e843a0d-bd4b-4a38-9d8c-fd1f893f59ca,xlii.charity,available,5.99,40.99,high,low,4,name.com,,,
00fda4b8-716c-458f-acb2-bf9cbbd53cd6,bum.charity,premium,38.94,38.94,high,low,3,namesilo,,,09/08/2026 10:49
07d3671e-4a06-449b-8408-cd6b49d0a088,matrix.charity,available,5.99,,high,medium,6,name.com,,,
691248d0-b16a-4e81-be91-212e3a473be8,touching.charity,available,5.99,40.99,high,low,8,name.com,,,
ea4a4acb-61f7-44d5-b455-8fa6f4dce3aa,spine.charity,available,5.99,,high,low,5,name.com,,,
dc351a4e-3781-449b-b84e-05c69a451a98,aguish.charity,available,5.99,40.99,medium,low,6,name.com,,,
1ef07266-b37a-4d1b-bcc4-29f847f167a6,dendroid.charity,available,5.99,40.99,medium,low,8,name.com,,,06/08/2026 13:50
3f703a98-34d8-46fa-8bdf-a7d0b316e96a,regulate.charity,available,5.99,,high,low,8,name.com,,,
41c39537-b8ee-44d1-a1bc-582c71c94d0c,leader.charity,available,5.99,,high,low,6,name.com,,,
6d30eddd-fa64-48fd-b942-9709181c863e,promising.charity,available,5.99,,high,low,9,name.com,,,
8fd9b6b0-ce9d-4e43-843f-c010d9cd1ff8,but.charity,premium,38.94,38.94,high,low,3,namesilo,,,
1b618dd1-9a40-42b1-b121-7d115243c356,normally.charity,available,5.99,,high,low,8,name.com,,,
438cd0de-a924-4954-a75a-7b4217e377f8,salt.charity,available,5.99,,high,low,4,name.com,,,
b470e887-5f29-4531-b2f1-ece4c046c9d9,hungry.charity,available,5.99,,high,low,6,name.com,,,
61eb7674-3329-47df-bc14-de6e62b06418,allowable.charity,available,5.99,40.99,high,low,9,name.com,,,
a0a1117f-3b66-4525-be74-109fb18e9f7b,revenue.charity,available,5.99,,high,low,7,name.com,,,
fcb204f3-9729-4f4d-b32d-08ce1b1b775b,pinch.charity,available,5.99,,high,low,5,name.com,,,
5d08067a-ddc3-4578-a45b-8f8c813b2107,difference.charity,available,5.99,,high,low,10,name.com,,,
0947fb65-a00f-48b6-b5dd-d9c5b6d7dd3e,mazed.charity,available,5.99,40.99,medium,low,5,name.com,,,07/08/2026 12:07
e7d580a3-b059-40b0-b7e7-453d0dd57dd7,twoscore.charity,available,5.99,40.99,medium,low,8,name.com,,,
69024d82-a8b1-4d10-88e6-14137d15ca4c,interview.charity,available,5.99,,high,low,9,name.com,,,
1d6b3206-8acf-44b7-b438-bf0e5d9d93d7,glittery.charity,available,5.99,40.99,high,low,8,name.com,,,
7d8d7547-3304-4094-b009-3265605f9c6d,beige.charity,available,5.99,40.99,high,low,5,name.com,,,09/08/2026 12:22
e9819669-10af-48c9-bf0d-0bdd1d263067,psychology.charity,available,5.99,,high,low,10,name.com,,,
40642f1e-853e-4bdb-b295-63d984cbf611,gene.charity,available,5.99,,high,low,4,name.com,,,
04d5c68a-8e33-4f8d-8842-e67f196b9b7f,grubby.charity,available,5.99,40.99,medium,low,6,name.com,,,09/08/2026 09:31
d115fd26-a802-4249-b466-a58221e21c28,attender.charity,available,5.99,40.99,medium,low,8,name.com,,,07/08/2026 15:17
44e580a9-b4d3-4729-84e4-cd3d081e71c5,souls.charity,available,5.99,,high,low,5,name.com,,,
b98c967d-c696-4cc5-8d13-d2d7d103a60c,awhile.charity,available,5.99,,medium,low,6,name.com,,,
4677b703-f3a0-49c3-bb24-26369a719158,execrable.charity,available,5.99,40.99,medium,low,9,name.com,,,
60ab5b0f-218f-41a4-96b0-5e9169569ee7,adipose.charity,available,5.99,40.99,high,low,7,name.com,,,
747a35c2-76e3-49f3-8962-dddc536470b7,jacobs.charity,available,5.99,,high,low,6,name.com,,,
ab44ec05-4957-480a-9990-ea9d302113c6,diminished.charity,available,5.99,40.99,medium,low,10,name.com,,,07/08/2026 15:00
c9f76a51-1608-494c-9017-3ac9de3fe170,teacher.charity,premium,242,242,high,low,7,namesilo,,,
ca607866-a3ef-436f-a5bd-1f1fb2ae349b,abrasive.charity,available,5.99,40.99,high,low,8,name.com,,,
4572510b-7088-4ee6-a77a-d7a231f7c466,groovy.charity,available,5.99,40.99,high,low,6,name.com,,,08/08/2026 12:35
79bbefe9-4bb1-4a12-b776-ba8fcc798c35,camera.charity,available,5.99,,high,low,6,name.com,,,
f5370a11-aab1-4cff-bef4-a044505c502a,mid.charity,premium,38.94,38.94,high,low,3,namesilo,,,
ee1a8e7c-05a9-4efb-be3a-57ea36d31944,japan.charity,available,,,high,low,5,,,,
86c94afa-1030-4383-884f-f025c7f7984a,believable.charity,available,5.99,40.99,high,low,10,name.com,,,09/08/2026 13:01
40b2a233-9d0b-4da2-a17b-4315887c7b10,water.charity,available,5.99,,high,medium,5,name.com,,,
bffbc406-b364-4fd8-b1dc-0f1ae2f666b9,covid.charity,available,,,high,low,5,,,,
36c03ff9-ffdc-4f9d-b0e4-c54a141ed4c4,float.charity,available,5.99,,high,low,5,name.com,,,
352fee60-f7d3-4bee-88db-dd996e7f7c47,trumpian.charity,available,5.99,,medium,low,8,name.com,,,
435ff848-2eca-40bd-b033-f8d5ab255f80,sunset.charity,available,5.99,,high,low,6,name.com,,,
90be9c2b-670c-4d9f-a384-d49777bf360e,plus.charity,available,5.99,,high,low,4,name.com,,,
28a216dd-9800-42de-ae59-ee6a28d35697,brush.charity,available,5.99,,high,low,5,name.com,,,
99445162-f12a-4a52-addd-8d391d00e2bf,stereotype.charity,available,5.99,,high,low,10,name.com,,,
0d5d370a-59a5-4e57-bd2e-d3609088d391,exec.charity,available,5.99,,high,low,4,name.com,,,
256b8f02-bdd9-456f-b2fe-635293c2db9b,kiss.charity,available,5.99,,high,low,4,name.com,,,
163a47d6-54bd-4e2e-ace3-6f0282638740,poolside.charity,available,5.99,,high,low,8,name.com,,,
a80124a9-b586-4c38-abbf-08f96c25bb25,pulled.charity,available,5.99,,high,low,6,name.com,,,
f0c607d4-e2e4-4a44-945d-18cfd0ecbd3b,piano.charity,available,5.99,,high,low,5,name.com,,,
2f56fcfa-8695-42ad-8a03-a92eef93c1fe,atrial.charity,available,5.99,40.99,low,low,6,name.com,,,07/08/2026 14:24
f10b4717-1785-42d8-97fb-953c3dfcdbf8,strain.charity,available,5.99,,medium,low,6,name.com,,,
b831b358-009e-45f3-8d5d-432fce6062e5,acquired.charity,available,5.99,40.99,high,low,8,name.com,,,
ea97de2b-9b81-46ad-8358-189c6dfa1029,non.charity,premium,38.94,38.94,high,low,3,namesilo,,,
354b0ff8-148b-45b9-be0a-5a5c68283860,alarming.charity,available,5.99,40.99,medium,low,8,name.com,,,
c4f96932-2513-4293-af80-ec1287bc1e7e,algonquin.charity,available,5.99,40.99,high,low,9,name.com,,,
a7bbdd42-56c9-40ed-b51b-41b57a0a0d08,colors.charity,available,5.99,,high,low,6,name.com,,,
23ba53f6-a678-42d0-93df-9e1c35d14693,lapse.charity,available,5.99,,high,low,5,name.com,,,
2992b581-1a67-4718-90b2-28804d11b495,triangle.charity,available,5.99,,high,low,8,name.com,,,
9f2c85eb-5619-4c68-9492-3127a6fde2e4,centesimal.charity,available,5.99,40.99,high,low,10,name.com,,,
a4deaf70-549f-460f-87ae-ee9fb8555725,surprisingly.charity,available,5.99,,high,low,12,name.com,,,
323f53dd-7b3e-4f7c-9798-5dd86f504c77,they.charity,available,5.99,,high,low,4,name.com,,,
bb0a179f-6c67-405e-99a1-b6a3a439cd39,watermelon.charity,available,5.99,,high,low,10,name.com,,,
ea812cc4-4ecf-49a1-b988-25fd56ea1598,ones.charity,available,5.99,,high,low,4,name.com,,,
51c707e0-941f-470f-a5e7-6945d08e1f42,sloppy.charity,available,5.99,40.99,high,low,6,name.com,,,08/08/2026 08:22
3ffe5d51-387d-428c-97fa-5158b2215244,now.charity,resell,,,high,medium,3,Dynadot Inc,26/11/2025 21:17,26/11/2026 21:17,
299de39c-51ee-4707-b71a-cf57f79a5497,provide.charity,available,5.99,,high,low,7,name.com,,,
95f63dcf-7a0d-47f1-971a-cb8653003c6f,twitter.charity,available,5.99,,high,low,7,name.com,,,
df24913b-1af9-4b3f-8a2c-c379f930841b,movies.charity,available,5.99,,high,low,6,name.com,,,
972d9550-709f-4b65-8010-5ca8c618637f,ringed.charity,available,7.48,37.98,high,low,6,namecheap,,,
3937a974-8fc6-4dad-9009-f1127949e1c3,advice.charity,available,5.99,,high,low,6,name.com,,,
c3af4879-154a-4ba9-85bd-846d8d636311,struggle.charity,available,5.99,,high,low,8,name.com,,,
543d0290-990b-46eb-b5c9-841d995e5ab1,director.charity,available,5.99,,high,low,8,name.com,,,
85c066f2-7db3-4cab-b256-6d44986bd0e1,profile.charity,available,5.99,,high,low,7,name.com,,,
df9b19da-3a4f-49fe-9ea0-7bc25ab3cabf,moldy.charity,available,5.99,,medium,low,5,name.com,,,
00712fca-6b0a-45b7-875b-57c98bb9cb37,vandalism.charity,available,5.99,,medium,low,9,name.com,,,
865bf8e7-ddc5-49b8-9fa8-c4f75758ae01,enlighten.charity,available,5.99,,high,low,9,name.com,,,
e0ad3555-57aa-4ece-aefd-e861ba40ab0b,analyzed.charity,available,5.99,40.99,high,low,8,name.com,,,
fec9e5f2-43e6-4d22-9419-8c29b21b12b9,write.charity,available,5.99,,high,low,5,name.com,,,
ff387bad-ac27-417e-96a7-3c0b1645fcad,shaky.charity,available,5.99,,high,low,5,name.com,,,
457d51d3-c6c7-434e-bc2f-76921cdb74ef,anosmic.charity,available,5.99,40.99,medium,low,7,name.com,,,
62b25ee5-05d8-4bef-9069-c34706d08b5d,replacement.charity,available,5.99,,high,low,11,name.com,,,
0a88f480-110c-4797-9669-e7dfc3b95408,oyster.charity,available,5.99,,high,low,6,name.com,,,
aae4206d-45fc-4bdf-888e-c5ff3752cb54,alkalic.charity,available,5.99,40.99,medium,low,7,name.com,,,
8ea8575c-d988-4be3-a50c-85d67c0e0b81,hotel.charity,available,37.98,,high,low,5,namecheap,,,
18333693-eefa-438f-b2eb-db15ebfa8779,impromptu.charity,available,5.99,40.99,high,low,9,name.com,,,
96526d9c-632b-4e47-9b4b-a359706d3860,caracas.charity,premium,118.8,118.8,high,low,7,namesilo,,,
2a7acc28-d587-4ef0-9f46-c6278b65bdc1,landing.charity,available,5.99,,high,low,7,name.com,,,
d8f7007a-2db9-4fb2-b87a-619e19e9e014,russian.charity,available,5.99,,high,low,7,name.com,,,
04cfdad3-17ef-4a99-8991-91ae20f223ac,trophy.charity,available,5.99,,high,low,6,name.com,,,
257b301a-79bf-43a6-9f02-2f790f9c63ef,kinda.charity,available,5.99,,high,low,5,name.com,,,
2f38d1ca-bdda-46b1-9a88-16a0e4e41c26,automobile.charity,available,5.99,,high,low,10,name.com,,,
7cb845b2-48d9-40ae-83d8-12bcfd915f96,whether.charity,available,5.99,,high,low,7,name.com,,,
91aa682d-95d5-49b4-8d1c-febc4db770e9,join.charity,resell,,,high,medium,4,"Spaceship, Inc.",07/09/2025 06:59,07/09/2026 06:59,
ffa651d3-700d-45f1-a9ec-d3b8bacd8878,albinotic.charity,available,5.99,40.99,medium,low,9,name.com,,,
f8006045-47c3-4c3a-8189-64fdd6172149,february.charity,available,5.99,,high,low,8,name.com,,,
4b38ef0f-3dd3-4294-ba0c-d4e1a49dacaf,media.charity,premium,260,260,high,medium,5,namecheap,,,
7a64a1fd-4357-4d46-9950-8bdaca9c5e04,nan.charity,premium,41.25,,high,low,3,name.com,,,
2715f2cf-9488-460a-a33a-30903880d557,elvis.charity,available,5.99,,high,low,5,name.com,,,
af9d0fc5-e5b7-45a4-8ee2-ce5574ca342f,wiring.charity,available,5.99,,high,low,6,name.com,,,
8fd80580-685e-49e1-baab-e7795a1e584a,ariled.charity,available,5.99,40.99,medium,low,6,name.com,,,06/08/2026 19:09
0df73ea2-a4fd-4cf7-a105-0dcd33611cd1,autogenous.charity,available,5.99,40.99,medium,low,10,name.com,,,07/08/2026 20:16
4c305df4-c576-406e-87ee-55327876e926,distribute.charity,available,5.99,,high,low,10,name.com,,,
5263de9c-4e35-444e-bde1-d039dca909e1,seventy.charity,available,5.99,40.99,high,low,7,name.com,,,
fa600f6d-ecd6-403c-83c9-f4d99bfc9248,universe.charity,available,5.99,,high,low,8,name.com,,,
6606ac97-09f9-4b88-b989-bc2fe8d0905c,port.charity,available,5.99,,high,low,4,name.com,,,
b76ff4b8-1b43-4fb7-bbfd-0b5aa3dad529,section.charity,available,7.48,37.98,high,low,7,namecheap,,,08/09/2026 06:07
b2c20b8f-d8a7-4829-9636-a2b858f998bc,outdoor.charity,available,5.99,,high,low,7,name.com,,,